x_value,total_1,total_2
8342,8833,5511
8343,8839,5508
8344,8839,5503
8345,8836,5509
8346,8844,5512
8347,8840,5516
8348,8841,5513
8349,8839,5516
8350,8845,5514
8351,8849,5517
8352,8855,5516
8353,8861,5520
8354,8866,5521
8355,8868,5517
8356,8876,5514
8357,8873,5517
8358,8868,5514
8359,8873,5516
8360,8867,5522
8361,8863,5526
8362,8871,5521
8363,8877,5516
8364,8876,5515
8365,8872,5512
8366,8873,5514
8367,8877,5510
8368,8879,5512
8369,8887,5509
8370,8890,5505
8371,8895,5509
8372,8903,5512
8373,8901,5517
8374,8906,5523
8375,8912,5521
8376,8914,5516
8377,8917,5521
8378,8916,5521
8379,8917,5517
8380,8924,5514
8381,8926,5519
8382,8934,5515
8383,8935,5517
8384,8931,5517
8385,8930,5517
8386,8930,5515
8387,8936,5510
8388,8941,5511
8389,8935,5514
8390,8936,5514
8391,8937,5516
8392,8931,5516
8393,8934,5519
8394,8933,5523
8395,8940,5519
8396,8936,5520
8397,8936,5523
8398,8930,5526
8399,8929,5521
8400,8932,5517
8401,8926,5523
8402,8923,5523
8403,8930,5518
8404,8929,5524
8405,8929,5520
8406,8924,5521
8407,8932,5519
8408,8926,5515
8409,8928,5511
8410,8931,5511
8411,8938,5508
8412,8932,5514
8413,8936,5519
8414,8943,5514
8415,8949,5517
8416,8954,5512
8417,8959,5518
8418,8964,5522
8419,8971,5526
8420,8974,5528
8421,8970,5533
8422,8967,5535
8423,8968,5537
8424,8962,5535
8425,8970,5531
8426,8965,5533
8427,8968,5536
8428,8963,5537
8429,8962,5538
8430,8967,5542
8431,8964,5538
8432,8958,5541
8433,8954,5538
8434,8952,5534
8435,8952,5533
8436,8956,5537
8437,8959,5538
8438,8961,5538
8439,8963,5543
8440,8969,5545
8441,8968,5546
8442,8963,5545
8443,8967,5542
8444,8969,5546
8445,8965,5542
8446,8966,5539
8447,8961,5545
8448,8968,5546
8449,8969,5549
8450,8969,5555
8451,8967,5557
8452,8964,5558
8453,8959,5564
8454,8957,5568
8455,8957,5568
8456,8960,5566
8457,8964,5566
8458,8958,5562
8459,8965,5561
8460,8961,5565
8461,8959,5570
8462,8962,5566
8463,8963,5565
8464,8961,5563
8465,8962,5567
8466,8957,5570
8467,8957,5575
8468,8960,5580
8469,8964,5584
8470,8960,5584
8471,8967,5584
8472,8972,5586
8473,8966,5591
8474,8964,5589
8475,8960,5586
8476,8954,5592
8477,8958,5591
8478,8955,5594
8479,8958,5594
8480,8958,5593
8481,8954,5588
8482,8949,5594
8483,8949,5600
8484,8946,5596
8485,8952,5602
8486,8957,5604
8487,8951,5606
8488,8951,5607
8489,8953,5611
8490,8959,5616
8491,8960,5622
8492,8968,5620
8493,8974,5626
8494,8974,5624
8495,8981,5627
8496,8981,5623
8497,8985,5625
8498,8989,5627
8499,8988,5624
8500,8992,5621
8501,8994,5622
8502,8990,5618
8503,8989,5620
8504,8996,5624
8505,8996,5630
8506,8991,5636
8507,8995,5634
8508,8998,5638
8509,8993,5644
8510,8994,5645
8511,8992,5644
8512,8997,5641
8513,9001,5643
8514,9007,5644
8515,9006,5646
8516,9001,5642
8517,9005,5638
8518,9006,5639
8519,9011,5641
8520,9019,5647
8521,9016,5642
8522,9012,5643
8523,9018,5648
8524,9019,5645
8525,9027,5644
8526,9026,5641
8527,9021,5645
8528,9027,5643
8529,9032,5649
8530,9030,5652
8531,9028,5658
8532,9032,5656
8533,9034,5656
8534,9042,5655
8535,9037,5653
8536,9035,5656
8537,9033,5657
8538,9040,5656
8539,9048,5654
8540,9045,5655
8541,9045,5655
8542,9051,5658
8543,9051,5659
8544,9045,5660
8545,9039,5656
8546,9036,5658
8547,9043,5660
8548,9047,5656
8549,9052,5655
8550,9046,5655
8551,9054,5659
8552,9056,5661
8553,9058,5658
8554,9059,5658
8555,9053,5657
8556,9059,5658
8557,9056,5659
8558,9064,5660
8559,9060,5660
8560,9067,5659
8561,9064,5659
8562,9071,5664
8563,9076,5660
8564,9071,5660
8565,9070,5666
8566,9070,5667
8567,9078,5670
8568,9084,5673
8569,9087,5674
8570,9095,5669
8571,9089,5664
8572,9095,5666
8573,9097,5669
8574,9095,5664
8575,9090,5665
8576,9096,5664
8577,9099,5670
8578,9098,5665
8579,9103,5665
8580,9108,5670
8581,9111,5668
8582,9106,5664
8583,9106,5659
8584,9110,5659
8585,9105,5659
8586,9106,5660
8587,9102,5657
8588,9105,5662
8589,9112,5659
8590,9111,5663
8591,9111,5663
8592,9116,5668
8593,9110,5668
8594,9104,5665
8595,9098,5671
8596,9100,5673
8597,9106,5673
8598,9108,5669
8599,9106,5675
8600,9108,5673
8601,9113,5673
8602,9107,5673
8603,9111,5672
8604,9105,5672
8605,9105,5673
8606,9102,5679
8607,9096,5682
8608,9104,5677
8609,9112,5675
8610,9118,5678
8611,9122,5676
8612,9124,5674
8613,9128,5678
8614,9125,5677
8615,9130,5674
8616,9133,5675
8617,9132,5673
8618,9135,5670
8619,9137,5673
8620,9136,5679
8621,9132,5676
8622,9126,5679
8623,9124,5681
8624,9128,5679
8625,9126,5682
8626,9122,5681
8627,9123,5680
8628,9125,5675
8629,9132,5678
8630,9139,5678
8631,9146,5674
8632,9140,5676
8633,9142,5679
8634,9138,5675
8635,9132,5678
8636,9137,5677
8637,9142,5681
8638,9137,5679
8639,9138,5682
8640,9140,5683
8641,9141,5687
8642,9137,5683
8643,9136,5678
8644,9144,5679
8645,9144,5679
8646,9152,5681
8647,9154,5682
8648,9159,5685
8649,9154,5686
8650,9155,5689
8651,9161,5687
8652,9161,5683
8653,9157,5685
8654,9156,5683
8655,9156,5688
8656,9161,5689
8657,9166,5694
8658,9163,5693
8659,9166,5693
8660,9169,5699
8661,9177,5698
8662,9180,5699
8663,9179,5695
8664,9184,5700
8665,9191,5699
8666,9193,5699
8667,9199,5696
8668,9200,5694
8669,9198,5689
8670,9192,5688
8671,9186,5688
8672,9191,5686
8673,9197,5683
8674,9200,5683
8675,9198,5679
8676,9196,5682
8677,9201,5684
8678,9202,5686
8679,9209,5688
8680,9208,5688
8681,9212,5684
8682,9207,5686
8683,9203,5683
8684,9200,5683
8685,9205,5679
8686,9200,5681
8687,9198,5677
8688,9199,5676
8689,9205,5681
8690,9210,5686
8691,9218,5687
8692,9216,5688
8693,9220,5685
8694,9221,5691
8695,9221,5694
8696,9215,5696
8697,9215,5697
8698,9211,5696
8699,9214,5691
8700,9216,5697
8701,9217,5697
8702,9216,5692
8703,9212,5694
8704,9207,5697
8705,9209,5698
8706,9206,5703
8707,9201,5709
8708,9207,5714
8709,9212,5716
8710,9214,5712
8711,9209,5713
8712,9206,5711
8713,9201,5708
8714,9201,5705
8715,9201,5706
8716,9205,5711
8717,9204,5706
8718,9210,5701
8719,9210,5698
8720,9211,5701
8721,9215,5700
8722,9219,5699
8723,9216,5704
8724,9222,5710
8725,9230,5714
8726,9230,5709
8727,9225,5712
8728,9232,5714
8729,9239,5715
8730,9235,5710
8731,9235,5708
8732,9237,5707
8733,9235,5708
8734,9231,5710
8735,9235,5715
8736,9229,5721
8737,9228,5722
8738,9226,5721
8739,9234,5724
8740,9231,5720
8741,9228,5717
8742,9235,5722
8743,9232,5727
8744,9227,5729
8745,9232,5725
8746,9240,5728
8747,9246,5726
8748,9252,5729
8749,9253,5728
8750,9260,5731
8751,9259,5729
8752,9256,5724
8753,9252,5728
8754,9254,5727
8755,9252,5728
8756,9247,5729
8757,9248,5726
8758,9255,5730
8759,9250,5727
8760,9250,5722
8761,9248,5724
8762,9244,5720
8763,9240,5717
8764,9247,5719
8765,9250,5714
8766,9245,5720
8767,9240,5724
8768,9241,5726
8769,9249,5728
8770,9250,5734
8771,9250,5730
8772,9258,5728
8773,9266,5726
8774,9266,5728
8775,9268,5727
8776,9276,5733
8777,9271,5736
8778,9271,5736
8779,9271,5741
8780,9276,5746
8781,9276,5748
8782,9275,5747
8783,9276,5751
8784,9272,5752
8785,9271,5748
8786,9276,5746
8787,9275,5747
8788,9271,5742
8789,9276,5742
8790,9275,5741
8791,9279,5743
8792,9283,5745
8793,9282,5740
8794,9286,5743
8795,9294,5746
8796,9297,5747
8797,9296,5743
8798,9296,5749
8799,9303,5747
8800,9301,5751
8801,9300,5752
8802,9296,5751
8803,9294,5748
8804,9301,5754
8805,9304,5759
8806,9301,5760
8807,9298,5757
8808,9301,5762
8809,9300,5766
8810,9294,5767
8811,9300,5765
8812,9307,5761
8813,9311,5765
8814,9311,5768
8815,9306,5770
8816,9300,5773
8817,9300,5772
8818,9300,5775
8819,9303,5772
8820,9309,5777
8821,9306,5779
8822,9308,5780
8823,9303,5786
8824,9303,5781
8825,9297,5784
8826,9294,5782
8827,9295,5788
8828,9289,5786
8829,9297,5781
8830,9293,5778
8831,9296,5775
8832,9295,5778
8833,9290,5781
8834,9296,5787
8835,9301,5790
8836,9308,5795
8837,9310,5795
8838,9316,5793
8839,9324,5795
8840,9320,5796
8841,9316,5793
8842,9316,5792
8843,9319,5791
8844,9325,5787
8845,9325,5792
8846,9324,5789
8847,9332,5789
8848,9329,5785
8849,9328,5782
8850,9332,5784
8851,9329,5779
8852,9333,5779
8853,9337,5781
8854,9337,5781
8855,9333,5781
8856,9341,5778
8857,9347,5778
8858,9349,5781
8859,9355,5787
8860,9356,5783
8861,9352,5783
8862,9347,5785
8863,9353,5784
8864,9347,5779
8865,9349,5774
8866,9351,5780
8867,9353,5784
8868,9350,5790
8869,9354,5793
8870,9352,5789
8871,9347,5785
8872,9349,5782
8873,9343,5777
8874,9343,5780
8875,9346,5775
8876,9352,5778
8877,9356,5777
8878,9358,5781
8879,9352,5777
8880,9347,5775
8881,9348,5771
8882,9348,5773
8883,9346,5772
8884,9343,5776
8885,9350,5779
8886,9352,5775
8887,9348,5780
8888,9352,5780
8889,9351,5783
8890,9351,5780
8891,9355,5786
8892,9357,5786
8893,9354,5792
8894,9354,5790
8895,9362,5794
8896,9368,5800
8897,9367,5797
8898,9361,5803
8899,9365,5802
8900,9369,5806
8901,9364,5808
8902,9367,5813
8903,9372,5810
8904,9366,5806
8905,9362,5807
8906,9360,5804
8907,9357,5806
8908,9362,5812
8909,9366,5814
8910,9364,5816
8911,9358,5817
8912,9366,5815
8913,9368,5814
8914,9368,5817
8915,9370,5815
8916,9372,5820
8917,9375,5822
8918,9375,5822
8919,9382,5827
8920,9385,5825
8921,9388,5827
8922,9394,5831
8923,9402,5827
8924,9407,5830
8925,9402,5832
8926,9396,5828
8927,9400,5827
8928,9395,5823
8929,9396,5819
8930,9395,5817
8931,9401,5820
8932,9397,5821
8933,9397,5822
8934,9399,5825
8935,9393,5823
8936,9400,5827
8937,9400,5827
8938,9408,5822
8939,9411,5823
8940,9405,5820
8941,9401,5821
8942,9397,5827
8943,9403,5824
8944,9400,5827
8945,9397,5824
8946,9403,5826
8947,9409,5821
8948,9407,5825
8949,9406,5830
8950,9404,5827
8951,9400,5833
8952,9399,5832
8953,9396,5829
8954,9394,5832
8955,9391,5835
8956,9392,5839
8957,9387,5840
8958,9391,5837
8959,9392,5838
8960,9396,5842
8961,9391,5847
8962,9388,5853
8963,9386,5849
8964,9391,5855
8965,9398,5858
8966,9397,5855
8967,9402,5859
8968,9408,5861
8969,9407,5856
8970,9404,5858
8971,9402,5861
8972,9402,5865
8973,9400,5865
8974,9398,5866
8975,9400,5869
8976,9401,5873
8977,9401,5868
8978,9406,5870
8979,9413,5869
8980,9416,5873
8981,9419,5871
8982,9422,5867
8983,9417,5867
8984,9412,5865
8985,9420,5869
8986,9416,5867
8987,9415,5862
8988,9409,5857
8989,9411,5859
8990,9417,5863
8991,9417,5863
8992,9425,5866
8993,9429,5866
8994,9429,5870
8995,9428,5873
8996,9425,5868
8997,9429,5865
8998,9426,5868
8999,9429,5872
9000,9424,5872
9001,9427,5868
9002,9430,5865
9003,9428,5861
9004,9422,5861
9005,9424,5861
9006,9421,5864
9007,9417,5870
9008,9425,5865
9009,9426,5871
9010,9421,5871
9011,9424,5867
9012,9420,5862
9013,9427,5868
9014,9430,5864
9015,9436,5870
9016,9444,5870
9017,9447,5870
9018,9453,5874
9019,9457,5877
9020,9451,5881
9021,9452,5884
9022,9455,5881
9023,9454,5879
9024,9457,5882
9025,9452,5877
9026,9452,5874
9027,9454,5872
9028,9452,5877
9029,9455,5882
9030,9457,5880
9031,9458,5884
9032,9458,5881
9033,9461,5876
9034,9455,5876
9035,9450,5871
9036,9448,5868
9037,9445,5866
9038,9443,5864
9039,9447,5865
9040,9454,5868
9041,9459,5873
9042,9456,5873
9043,9454,5877
9044,9458,5882
9045,9454,5881
9046,9455,5887
9047,9461,5893
9048,9461,5890
9049,9464,5886
9050,9463,5884
9051,9461,5883
9052,9462,5886
9053,9465,5885
9054,9471,5880
9055,9466,5879
9056,9461,5877
9057,9469,5877
9058,9464,5881
9059,9463,5878
9060,9470,5876
9061,9470,5874
9062,9476,5880
9063,9478,5881
9064,9480,5876
9065,9486,5872
9066,9494,5868
9067,9493,5873
9068,9495,5874
9069,9502,5880
9070,9501,5886
9071,9505,5882
9072,9505,5880
9073,9508,5886
9074,9510,5889
9075,9512,5887
9076,9519,5884
9077,9522,5885
9078,9523,5890
9079,9519,5888
9080,9527,5888
9081,9531,5892
9082,9525,5891
9083,9526,5889
9084,9526,5892
9085,9532,5887
9086,9529,5891
9087,9525,5888
9088,9528,5886
9089,9531,5885
9090,9528,5882
9091,9528,5881
9092,9529,5878
9093,9536,5875
9094,9536,5875
9095,9532,5881
9096,9529,5882
9097,9532,5885
9098,9537,5882
9099,9533,5882
9100,9534,5887
9101,9539,5883
9102,9544,5886
9103,9544,5885
9104,9552,5881
9105,9557,5886
9106,9554,5884
9107,9557,5886
9108,9562,5886
9109,9563,5887
9110,9570,5883
9111,9574,5879
9112,9576,5883
9113,9582,5888
9114,9582,5890
9115,9583,5890
9116,9579,5892
9117,9587,5889
9118,9583,5894
9119,9579,5894
9120,9578,5895
9121,9583,5894
9122,9591,5890
9123,9594,5896
9124,9602,5892
9125,9605,5893
9126,9611,5898
9127,9613,5896
9128,9610,5900
9129,9616,5899
9130,9618,5899
9131,9613,5894
9132,9613,5890
9133,9616,5895
9134,9619,5896
9135,9616,5892
9136,9614,5896
9137,9621,5894
9138,9625,5900
9139,9619,5901
9140,9619,5904
9141,9625,5905
9142,9624,5907
9143,9631,5904
9144,9633,5908
9145,9641,5911
9146,9635,5909
9147,9642,5905
9148,9650,5909
9149,9644,5915
9150,9639,5913
9151,9636,5908
9152,9631,5909
9153,9626,5910
9154,9625,5908
9155,9630,5904
9156,9624,5899
9157,9620,5895
9158,9619,5895
9159,9626,5897
9160,9626,5894
9161,9623,5889
9162,9617,5891
9163,9623,5886
9164,9628,5890
9165,9629,5888
9166,9634,5884
9167,9635,5883
9168,9638,5879
9169,9632,5884
9170,9630,5888
9171,9636,5891
9172,9639,5894
9173,9633,5890
9174,9637,5896
9175,9638,5896
9176,9637,5897
9177,9633,5903
9178,9627,5907
9179,9626,5904
9180,9627,5900
9181,9631,5898
9182,9630,5896
9183,9625,5894
9184,9624,5893
9185,9626,5898
9186,9624,5895
9187,9628,5894
9188,9636,5897
9189,9642,5899
9190,9644,5897
9191,9642,5902
9192,9646,5904
9193,9643,5901
9194,9643,5896
9195,9638,5893
9196,9636,5897
9197,9637,5898
9198,9636,5901
9199,9644,5897
9200,9652,5895
9201,9655,5896
9202,9658,5900
9203,9653,5896
9204,9661,5892
9205,9659,5890
9206,9666,5888
9207,9669,5888
9208,9674,5894
9209,9678,5891
9210,9674,5891
9211,9681,5896
9212,9681,5896
9213,9676,5897
9214,9676,5898
9215,9683,5897
9216,9687,5901
9217,9682,5904
9218,9678,5901
9219,9672,5899
9220,9676,5900
9221,9684,5900
9222,9684,5903
9223,9680,5898
9224,9678,5903
9225,9674,5898
9226,9679,5893
9227,9678,5894
9228,9685,5889
9229,9684,5892
9230,9689,5895
9231,9693,5891
9232,9698,5897
9233,9698,5902
9234,9694,5898
9235,9695,5895
9236,9696,5898
9237,9694,5902
9238,9698,5901
9239,9692,5899
9240,9697,5905
9241,9696,5905
9242,9690,5905
9243,9688,5906
9244,9695,5902
9245,9693,5899
9246,9695,5902
9247,9696,5900
9248,9697,5899
9249,9700,5894
9250,9707,5893
9251,9703,5894
9252,9702,5890
9253,9698,5891
9254,9692,5886
9255,9698,5883
9256,9698,5888
9257,9703,5893
9258,9710,5893
9259,9713,5891
9260,9720,5894
9261,9719,5890
9262,9713,5895
9263,9715,5894
9264,9712,5896
9265,9707,5895
9266,9714,5901
9267,9714,5899
9268,9709,5900
9269,9706,5895
9270,9706,5892
9271,9700,5895
9272,9705,5892
9273,9702,5895
9274,9701,5900
9275,9699,5906
9276,9701,5907
9277,9704,5908
9278,9700,5908
9279,9699,5903
9280,9701,5900
9281,9708,5898
9282,9704,5904
9283,9699,5904
9284,9697,5910
9285,9694,5909
9286,9692,5904
9287,9698,5901
9288,9701,5897
9289,9707,5901
9290,9713,5902
9291,9713,5904
9292,9708,5907
9293,9705,5912
9294,9710,5911
9295,9713,5914
9296,9714,5920
9297,9722,5923
9298,9717,5924
9299,9720,5924
9300,9717,5922
9301,9719,5922
9302,9726,5925
9303,9726,5931
9304,9721,5935
9305,9721,5936
9306,9716,5941
9307,9712,5938
9308,9709,5936
9309,9706,5932
9310,9705,5931
9311,9702,5927
9312,9710,5922
9313,9710,5917
9314,9704,5913
9315,9704,5917
9316,9706,5913
9317,9705,5908
9318,9704,5913
9319,9711,5916
9320,9709,5911
9321,9712,5911
9322,9707,5916
9323,9702,5916
9324,9697,5916
9325,9695,5913
9326,9694,5917
9327,9698,5922
9328,9702,5920
9329,9700,5926
9330,9703,5923
9331,9709,5925
9332,9712,5926
9333,9713,5930
9334,9711,5931
9335,9710,5937
9336,9707,5933
9337,9709,5934
9338,9713,5931
9339,9719,5936
9340,9723,5935
9341,9721,5940
9342,9729,5939
9343,9725,5943
9344,9733,5940
9345,9737,5940
9346,9737,5945
9347,9739,5949
9348,9747,5949
9349,9751,5955
9350,9756,5950
9351,9758,5946
9352,9752,5947
9353,9759,5946
9354,9755,5943
9355,9755,5947
9356,9760,5944
9357,9757,5948
9358,9756,5948
9359,9751,5946
9360,9745,5950
9361,9752,5951
9362,9748,5952
9363,9752,5955
9364,9754,5961
9365,9754,5963
9366,9752,5969
9367,9757,5967
9368,9757,5972
9369,9764,5967
9370,9763,5970
9371,9771,5976
9372,9767,5974
9373,9770,5973
9374,9765,5968
9375,9759,5965
9376,9755,5962
9377,9763,5957
9378,9758,5956
9379,9754,5953
9380,9756,5954
9381,9758,5958
9382,9755,5961
9383,9751,5965
9384,9747,5970
9385,9750,5975
9386,9751,5976
9387,9753,5971
9388,9761,5972
9389,9766,5974
9390,9764,5979
9391,9760,5982
9392,9764,5979
9393,9768,5980
9394,9764,5985
9395,9767,5986
9396,9769,5988
9397,9764,5990
9398,9768,5990
9399,9764,5985
9400,9763,5980
9401,9762,5983
9402,9761,5981
9403,9763,5983
9404,9770,5983
9405,9769,5989
9406,9773,5992
9407,9767,5992
9408,9766,5988
9409,9774,5983
9410,9779,5978
9411,9773,5973
9412,9769,5974
9413,9769,5980
9414,9771,5985
9415,9773,5988
9416,9778,5992
9417,9783,5993
9418,9790,5988
9419,9790,5989
9420,9794,5995
9421,9790,5996
9422,9795,6000
9423,9790,5995
9424,9793,6000
9425,9795,5997
9426,9802,5997
9427,9796,6003
9428,9797,6005
9429,9795,6001
9430,9790,5997
9431,9785,5993
9432,9786,5996
9433,9792,5997
9434,9791,5992
9435,9789,5996
9436,9797,5992
9437,9801,5996
9438,9806,5991
9439,9808,5996
9440,9814,5994
9441,9813,5996
9442,9808,5995
9443,9813,5995
9444,9816,5991
9445,9813,5994
9446,9809,5994
9447,9817,5998
9448,9814,6002
9449,9813,5997
9450,9812,5999
9451,9819,5998
9452,9824,6003
9453,9832,6009
9454,9831,6005
9455,9833,6001
9456,9841,6001
9457,9846,6003
9458,9851,6002
9459,9857,6007
9460,9861,6012
9461,9863,6013
9462,9870,6011
9463,9865,6012
9464,9859,6008
9465,9857,6009
9466,9860,6006
9467,9864,6006
9468,9861,6011
9469,9855,6007
9470,9849,6006
9471,9848,6011
9472,9847,6012
9473,9851,6015
9474,9845,6019
9475,9845,6014
9476,9851,6017
9477,9859,6012
9478,9854,6011
9479,9859,6013
9480,9865,6012
9481,9864,6017
9482,9863,6015
9483,9862,6017
9484,9867,6021
9485,9869,6018
9486,9871,6023
9487,9868,6029
9488,9864,6029
9489,9872,6032
9490,9873,6031
9491,9869,6030
9492,9876,6034
9493,9884,6033
9494,9891,6032
9495,9885,6032
9496,9882,6029
9497,9887,6033
9498,9889,6033
9499,9895,6030
9500,9894,6026
9501,9901,6025
9502,9900,6024
9503,9897,6022
9504,9903,6022
9505,9906,6019
9506,9913,6016
9507,9921,6022
9508,9915,6020
9509,9916,6021
9510,9920,6023
9511,9916,6025
9512,9917,6023
9513,9922,6028
9514,9921,6023
9515,9929,6029
9516,9935,6024
9517,9942,6020
9518,9939,6023
9519,9942,6022
9520,9950,6023
9521,9944,6024
9522,9940,6029
9523,9940,6033
9524,9947,6029
9525,9951,6031
9526,9957,6033
9527,9956,6036
9528,9956,6037
9529,9958,6042
9530,9956,6046
9531,9951,6050
9532,9956,6046
9533,9953,6049
9534,9957,6053
9535,9953,6059
9536,9953,6057
9537,9954,6052
9538,9948,6053
9539,9942,6048
9540,9936,6045
9541,9937,6046
9542,9940,6044
9543,9938,6042
9544,9942,6043
9545,9939,6039
9546,9941,6043
9547,9940,6038
9548,9940,6035
9549,9936,6030
9550,9935,6028
9551,9931,6027
9552,9935,6025
9553,9942,6031
9554,9938,6032
9555,9939,6035
9556,9938,6031
9557,9945,6033
9558,9943,6032
9559,9941,6038
9560,9938,6035
9561,9938,6037
9562,9939,6038
9563,9937,6041
9564,9944,6043
9565,9948,6042
9566,9953,6041
9567,9947,6044
9568,9941,6042
9569,9943,6045
9570,9944,6046
9571,9949,6044
9572,9943,6045
9573,9937,6044
9574,9932,6044
9575,9940,6040
9576,9941,6036
9577,9945,6031
9578,9946,6031
9579,9953,6030
9580,9955,6032
9581,9954,6033
9582,9951,6036
9583,9952,6042
9584,9960,6044
9585,9958,6040
9586,9954,6038
9587,9952,6033
9588,9957,6028
9589,9962,6027
9590,9966,6029
9591,9961,6035
9592,9963,6040
9593,9965,6043
9594,9961,6041
9595,9961,6046
9596,9958,6042
9597,9957,6048
9598,9962,6049
9599,9956,6050
9600,9957,6055
9601,9960,6053
9602,9963,6058
9603,9958,6053
9604,9953,6049
9605,9961,6055
9606,9958,6055
9607,9959,6056
9608,9967,6051
9609,9969,6049
9610,9973,6048
9611,9981,6049
9612,9982,6044
9613,9986,6039
9614,9992,6040
9615,9998,6038
9616,9999,6036
9617,10004,6034
9618,9999,6033
9619,9994,6039
9620,9990,6035
9621,9995,6037
9622,9992,6041
9623,9986,6041
9624,9988,6040
9625,9993,6046
9626,9994,6050
9627,9991,6049
9628,9996,6049
9629,9995,6044
9630,10002,6041
9631,9998,6045
9632,10001,6040
9633,10000,6040
9634,9996,6036
9635,9997,6031
9636,9993,6037
9637,9995,6038
9638,9996,6040
9639,9999,6035
9640,10001,6032
9641,10001,6027
9642,10002,6024
9643,10003,6022
9644,10009,6019
9645,10015,6018
9646,10020,6017
9647,10025,6016
9648,10021,6020
9649,10019,6021
9650,10017,6022
9651,10016,6021
9652,10011,6017
9653,10010,6021
9654,10004,6025
9655,10012,6031
9656,10013,6033
9657,10017,6037
9658,10021,6032
9659,10024,6032
9660,10019,6033
9661,10019,6028
9662,10024,6030
9663,10020,6034
9664,10024,6036
9665,10023,6031
9666,10018,6026
9667,10026,6025
9668,10022,6029
9669,10024,6030
9670,10025,6025
9671,10032,6028
9672,10038,6025
9673,10046,6021
9674,10040,6027
9675,10044,6033
9676,10045,6034
9677,10041,6029
9678,10041,6024
9679,10048,6019
9680,10051,6023
9681,10054,6027
9682,10051,6028
9683,10052,6023
9684,10056,6025
9685,10060,6028
9686,10059,6028
9687,10064,6032
9688,10066,6037
9689,10071,6033
9690,10077,6039
9691,10073,6039
9692,10067,6042
9693,10067,6044
9694,10072,6044
9695,10069,6042
9696,10073,6043
9697,10073,6039
9698,10071,6034
9699,10067,6031
9700,10074,6035
9701,10074,6036
9702,10072,6034
9703,10072,6034
9704,10080,6029
9705,10080,6033
9706,10083,6033
9707,10082,6039
9708,10078,6042
9709,10081,6045
9710,10082,6041
9711,10079,6037
9712,10078,6033
9713,10084,6037
9714,10086,6040
9715,10082,6040
9716,10077,6046
9717,10073,6044
9718,10069,6050
9719,10066,6048
9720,10063,6043
9721,10065,6045
9722,10070,6045
9723,10070,6046
9724,10074,6048
9725,10072,6047
9726,10079,6049
9727,10074,6054
9728,10076,6056
9729,10078,6054
9730,10082,6060
9731,10087,6056
9732,10090,6060
9733,10091,6060
9734,10095,6063
9735,10096,6062
9736,10095,6064
9737,10096,6068
9738,10093,6066
9739,10095,6070
9740,10089,6074
9741,10091,6079
9742,10096,6082
9743,10097,6084
9744,10092,6084
9745,10096,6086
9746,10101,6090
9747,10105,6091
9748,10110,6097
9749,10108,6093
9750,10110,6098
9751,10109,6093
9752,10103,6093
9753,10102,6094
9754,10096,6097
9755,10104,6098
9756,10108,6097
9757,10113,6095
9758,10107,6091
9759,10112,6086
9760,10106,6086
9761,10105,6085
9762,10113,6091
9763,10113,6090
9764,10120,6089
9765,10128,6084
9766,10127,6086
9767,10126,6084
9768,10122,6083
9769,10130,6080
9770,10137,6085
9771,10135,6091
9772,10135,6095
9773,10143,6094
9774,10151,6092
9775,10145,6096
9776,10141,6093
9777,10142,6090
9778,10144,6093
9779,10143,6089
9780,10151,6092
9781,10149,6095
9782,10143,6091
9783,10145,6087
9784,10153,6083
9785,10160,6086
9786,10156,6092
9787,10160,6090
9788,10164,6095
9789,10160,6098
9790,10159,6097
9791,10163,6094
9792,10167,6099
9793,10173,6100
9794,10168,6098
9795,10176,6104
9796,10178,6106
9797,10180,6104
9798,10187,6100
9799,10186,6100
9800,10190,6101
9801,10195,6106
9802,10191,6109
9803,10198,6107
9804,10202,6112
9805,10204,6114
9806,10206,6114
9807,10213,6110
9808,10220,6116
9809,10221,6121
9810,10217,6117
9811,10220,6118
9812,10221,6121
9813,10221,6123
9814,10226,6128
9815,10221,6123
9816,10223,6125
9817,10219,6129
9818,10216,6125
9819,10212,6125
9820,10217,6120
9821,10224,6117
9822,10224,6119
9823,10224,6124
9824,10221,6121
9825,10224,6116
9826,10227,6118
9827,10228,6118
9828,10234,6113
9829,10240,6116
9830,10237,6113
9831,10242,6115
9832,10240,6119
9833,10240,6115
9834,10244,6112
9835,10246,6116
9836,10250,6116
9837,10255,6120
9838,10252,6119
9839,10248,6123
9840,10249,6118
9841,10243,6119
9842,10239,6116
9843,10243,6113
9844,10248,6113
9845,10250,6110
9846,10247,6109
9847,10242,6110
9848,10248,6109
9849,10244,6110
9850,10238,6105
9851,10232,6109
9852,10237,6115
9853,10234,6119
9854,10242,6114
9855,10248,6110
9856,10255,6114
9857,10250,6109
9858,10249,6114
9859,10256,6115
9860,10264,6112
9861,10271,6114
9862,10270,6110
9863,10275,6109
9864,10269,6111
9865,10274,6114
9866,10270,6110
9867,10264,6109
9868,10270,6106
9869,10275,6102
9870,10279,6099
9871,10276,6101
9872,10271,6106
9873,10266,6110
9874,10260,6105
9875,10261,6110
9876,10268,6105
9877,10267,6107
9878,10266,6113
9879,10264,6115
9880,10267,6111
9881,10271,6111
9882,10274,6113
9883,10278,6117
9884,10273,6115
9885,10278,6120
9886,10279,6123
9887,10283,6121
9888,10280,6122
9889,10274,6126
9890,10269,6130
9891,10276,6126
9892,10281,6128
9893,10284,6124
9894,10281,6129
9895,10286,6127
9896,10283,6132
9897,10287,6136
9898,10283,6137
9899,10291,6137
9900,10298,6143
9901,10301,6141
9902,10305,6145
9903,10300,6142
9904,10303,6137
9905,10308,6135
9906,10309,6137
9907,10307,6136
9908,10305,6132
9909,10306,6138
9910,10307,6133
9911,10302,6135
9912,10302,6139
9913,10305,6135
9914,10302,6133
9915,10304,6138
9916,10310,6136
9917,10309,6134
9918,10314,6135
9919,10322,6133
9920,10328,6134
9921,10325,6138
9922,10330,6139
9923,10336,6135
9924,10342,6130
9925,10338,6133
9926,10333,6138
9927,10340,6139
9928,10338,6143
9929,10341,6145
9930,10343,6148
9931,10347,6152
9932,10347,6155
9933,10341,6151
9934,10349,6155
9935,10356,6152
9936,10352,6153
9937,10349,6156
9938,10352,6153
9939,10351,6154
9940,10350,6155
9941,10350,6151
9942,10352,6149
9943,10350,6155
9944,10358,6150
9945,10354,6154
9946,10356,6156
9947,10359,6153
9948,10362,6157
9949,10357,6154
9950,10351,6158
9951,10352,6162
9952,10360,6164
9953,10359,6163
9954,10359,6159
9955,10358,6163
9956,10361,6158
9957,10357,6156
9958,10363,6162
9959,10368,6165
9960,10363,6168
9961,10370,6173
9962,10372,6169
9963,10380,6170
9964,10378,6174
9965,10379,6171
9966,10373,6167
9967,10370,6171
9968,10372,6174
9969,10378,6180
9970,10372,6180
9971,10379,6175
9972,10378,6177
9973,10377,6172
9974,10374,6168
9975,10370,6171
9976,10364,6169
9977,10359,6174
9978,10367,6169
9979,10368,6172
9980,10369,6177
9981,10372,6181
9982,10376,6180
9983,10374,6179
9984,10368,6180
9985,10365,6183
9986,10369,6184
9987,10372,6181
9988,10371,6184
9989,10368,6189
9990,10373,6191
9991,10375,6196
9992,10369,6193
9993,10377,6189
9994,10377,6194
9995,10373,6197
9996,10378,6199
9997,10385,6205
9998,10384,6204
9999,10386,6205
10000,10393,6208
10001,10396,6207
10002,10400,6207
10003,10399,6208
10004,10398,6208
10005,10402,6203
10006,10406,6199
10007,10409,6204
10008,10416,6208
10009,10418,6206
10010,10426,6203
10011,10423,6204
10012,10418,6204
10013,10416,6209
10014,10417,6207
10015,10418,6210
10016,10417,6213
10017,10411,6218
10018,10406,6218
10019,10410,6214
10020,10409,6217
10021,10404,6214
10022,10410,6212
10023,10407,6215
10024,10410,6217
10025,10414,6219
10026,10419,6217
10027,10427,6217
10028,10433,6213
10029,10441,6209
10030,10441,6210
10031,10445,6214
10032,10448,6218
10033,10456,6222
10034,10454,6228
10035,10457,6227
10036,10452,6231
10037,10456,6229
10038,10459,6229
10039,10465,6224
10040,10466,6221
10041,10471,6223
10042,10479,6219
10043,10483,6217
10044,10488,6220
10045,10491,6226
10046,10487,6221
10047,10489,6223
10048,10494,6229
10049,10501,6230
10050,10496,6236
10051,10492,6233
10052,10497,6238
10053,10500,6240
10054,10507,6241
10055,10508,6241
10056,10511,6241
10057,10515,6246
10058,10514,6245
10059,10517,6243
10060,10520,6240
10061,10515,6237
10062,10521,6233
10063,10528,6233
10064,10526,6238
10065,10533,6238
10066,10528,6234
10067,10532,6234
10068,10526,6231
10069,10521,6235
10070,10524,6233
10071,10531,6234
10072,10526,6230
10073,10530,6232
10074,10535,6238
10075,10537,6236
10076,10542,6232
10077,10544,6228
10078,10545,6232
10079,10540,6233
10080,10535,6236
10081,10532,6235
10082,10528,6237
10083,10529,6238
10084,10527,6238
10085,10530,6243
10086,10534,6238
10087,10531,6237
10088,10525,6241
10089,10524,6246
10090,10521,6252
10091,10519,6255
10092,10520,6261
10093,10522,6258
10094,10528,6261
10095,10531,6263
10096,10536,6258
10097,10537,6264
10098,10538,6270
10099,10539,6274
10100,10542,6276
10101,10544,6277
10102,10538,6279
10103,10536,6285
10104,10537,6290
10105,10534,6286
10106,10529,6287
10107,10534,6290
10108,10535,6293
10109,10529,6297
10110,10524,6299
10111,10524,6299
10112,10528,6299
10113,10529,6294
10114,10529,6289
10115,10527,6289
10116,10529,6292
10117,10530,6291
10118,10534,6287
10119,10541,6283
10120,10537,6283
10121,10543,6278
10122,10547,6281
10123,10552,6282
10124,10551,6288
10125,10550,6286
10126,10544,6292
10127,10544,6296
10128,10550,6293
10129,10548,6291
10130,10548,6287
10131,10550,6290
10132,10553,6293
10133,10558,6294
10134,10557,6294
10135,10565,6291
10136,10560,6293
10137,10565,6290
10138,10569,6294
10139,10575,6291
10140,10574,6288
10141,10574,6283
10142,10573,6281
10143,10571,6276
10144,10567,6271
10145,10574,6273
10146,10575,6270
10147,10581,6272
10148,10577,6268
10149,10578,6266
10150,10575,6267
10151,10575,6272
10152,10569,6275
10153,10565,6274
10154,10560,6274
10155,10568,6276
10156,10573,6280
10157,10576,6278
10158,10574,6280
10159,10572,6285
10160,10570,6288
10161,10565,6294
10162,10566,6297
10163,10563,6292
10164,10563,6294
10165,10564,6293
10166,10568,6298
10167,10573,6304
10168,10581,6299
10169,10580,6296
10170,10575,6295
10171,10570,6300
10172,10569,6303
10173,10575,6304
10174,10576,6303
10175,10574,6307
10176,10570,6313
10177,10569,6315
10178,10571,6311
10179,10579,6317
10180,10579,6320
10181,10575,6320
10182,10571,6315
10183,10568,6318
10184,10569,6318
10185,10570,6322
10186,10564,6324
10187,10571,6326
10188,10568,6322
10189,10565,6323
10190,10568,6320
10191,10565,6315
10192,10573,6312
10193,10571,6312
10194,10566,6307
10195,10571,6311
10196,10576,6313
10197,10580,6314
10198,10583,6311
10199,10585,6317
10200,10588,6322
10201,10586,6318
10202,10590,6313
10203,10596,6315
10204,10595,6316
10205,10597,6320
10206,10603,6317
10207,10605,6319
10208,10606,6321
10209,10602,6323
10210,10606,6324
10211,10614,6329
10212,10610,6332
10213,10611,6331
10214,10618,6334
10215,10616,6332
10216,10621,6333
10217,10626,6332
10218,10624,6329
10219,10632,6333
10220,10632,6339
10221,10640,6345
10222,10641,6350
10223,10637,6356
10224,10644,6360
10225,10649,6362
10226,10656,6363
10227,10655,6364
10228,10657,6369
10229,10663,6372
10230,10671,6370
10231,10667,6370
10232,10671,6366
10233,10665,6370
10234,10664,6372
10235,10666,6372
10236,10670,6372
10237,10676,6374
10238,10680,6376
10239,10685,6378
10240,10692,6381
10241,10697,6382
10242,10702,6377
10243,10702,6374
10244,10703,6370
10245,10706,6365
10246,10705,6365
10247,10700,6364
10248,10698,6367
10249,10706,6370
10250,10714,6371
10251,10715,6366
10252,10723,6370
10253,10722,6372
10254,10729,6372
10255,10726,6374
10256,10734,6379
10257,10737,6380
10258,10737,6378
10259,10744,6379
10260,10742,6382
10261,10748,6383
10262,10751,6383
10263,10750,6379
10264,10749,6385
10265,10744,6385
10266,10743,6389
10267,10744,6394
10268,10745,6395
10269,10749,6399
10270,10743,6399
10271,10740,6405
10272,10748,6408
10273,10752,6409
10274,10752,6415
10275,10759,6418
10276,10766,6413
10277,10761,6413
10278,10762,6417
10279,10763,6423
10280,10762,6423
10281,10767,6428
10282,10764,6425
10283,10761,6424
10284,10761,6425
10285,10764,6424
10286,10761,6426
10287,10768,6431
10288,10773,6432
10289,10770,6434
10290,10773,6439
10291,10776,6440
10292,10783,6436
10293,10786,6434
10294,10789,6432
10295,10790,6437
10296,10786,6434
10297,10785,6431
10298,10784,6434
10299,10779,6438
10300,10787,6442
10301,10785,6446
10302,10783,6450
10303,10790,6450
10304,10794,6452
10305,10794,6457
10306,10792,6460
10307,10799,6461
10308,10803,6457
10309,10806,6455
10310,10808,6455
10311,10807,6460
10312,10809,6457
10313,10808,6462
10314,10814,6466
10315,10820,6463
10316,10821,6460
10317,10822,6457
10318,10823,6455
10319,10819,6456
10320,10819,6454
10321,10824,6454
10322,10830,6455
10323,10824,6453
10324,10831,6448
10325,10828,6454
10326,10826,6456
10327,10824,6453
10328,10826,6454
10329,10831,6456
10330,10827,6462
10331,10822,6460
10332,10825,6462
10333,10827,6457
10334,10829,6460
10335,10826,6461
10336,10830,6461
10337,10831,6463
10338,10837,6460
10339,10833,6465
10340,10837,6467
10341,10835,6472
10342,10839,6471
10343,10846,6467
10344,10843,6467
10345,10839,6469
10346,10847,6472
10347,10843,6473
10348,10843,6479
10349,10847,6478
10350,10855,6479
10351,10862,6478
10352,10865,6484
10353,10868,6486
10354,10872,6486
10355,10880,6489
10356,10888,6490
10357,10884,6488
10358,10879,6487
10359,10883,6482
10360,10879,6484
10361,10879,6489
10362,10887,6485
10363,10885,6486
10364,10886,6485
10365,10885,6484
10366,10888,6484
10367,10896,6489
10368,10898,6493
10369,10899,6496
10370,10895,6494
10371,10903,6492
10372,10900,6489
10373,10901,6485
10374,10902,6482
10375,10898,6480
10376,10904,6476
10377,10909,6482
10378,10903,6485
10379,10905,6487
10380,10899,6486
10381,10904,6488
10382,10909,6489
10383,10911,6495
10384,10919,6497
10385,10920,6501
10386,10919,6497
10387,10920,6502
10388,10925,6505
10389,10921,6506
10390,10920,6511
10391,10922,6517
10392,10928,6519
10393,10926,6519
10394,10930,6519
10395,10932,6524
10396,10939,6529
10397,10936,6527
10398,10934,6532
10399,10931,6538
10400,10938,6535
10401,10933,6533
10402,10927,6537
10403,10926,6537
10404,10921,6535
10405,10923,6538
10406,10919,6541
10407,10924,6537
10408,10931,6542
10409,10935,6538
10410,10942,6541
10411,10942,6542
10412,10937,6539
10413,10944,6538
10414,10945,6534
10415,10945,6536
10416,10951,6532
10417,10959,6528
10418,10954,6526
10419,10950,6525
10420,10952,6529
10421,10959,6534
10422,10954,6540
10423,10955,6538
10424,10957,6543
10425,10956,6543
10426,10961,6539
10427,10965,6535
10428,10966,6530
10429,10964,6530
10430,10963,6525
10431,10969,6524
10432,10974,6526
10433,10977,6527
10434,10977,6527
10435,10976,6524
10436,10971,6522
10437,10969,6527
10438,10975,6522
10439,10975,6525
10440,10978,6524
10441,10973,6528
10442,10973,6524
10443,10974,6523
10444,10969,6529
10445,10964,6531
10446,10967,6537
10447,10968,6533
10448,10965,6528
10449,10963,6523
10450,10957,6528
10451,10952,6529
10452,10958,6535
10453,10953,6533
10454,10952,6531
10455,10957,6527
10456,10959,6529
10457,10955,6532
10458,10959,6532
10459,10956,6531
10460,10961,6531
10461,10960,6530
10462,10954,6529
10463,10948,6526
10464,10943,6530
10465,10949,6529
10466,10945,6529
10467,10953,6535
10468,10949,6539
10469,10949,6537
10470,10946,6537
10471,10952,6537
10472,10955,6540
10473,10951,6544
10474,10952,6545
10475,10960,6544
10476,10957,6544
10477,10955,6550
10478,10949,6547
10479,10954,6552
10480,10955,6548
10481,10950,6553
10482,10957,6555
10483,10960,6561
10484,10966,6558
10485,10964,6562
10486,10958,6561
10487,10954,6562
10488,10959,6565
10489,10953,6561
10490,10953,6558
10491,10956,6555
10492,10950,6561
10493,10952,6557
10494,10948,6556
10495,10942,6552
10496,10948,6548
10497,10955,6545
10498,10957,6543
10499,10957,6540
10500,10955,6535
10501,10950,6531
10502,10957,6537
10503,10956,6535
10504,10955,6541
10505,10953,6541
10506,10954,6543
10507,10962,6542
10508,10970,6541
10509,10976,6538
10510,10978,6533
10511,10980,6538
10512,10987,6537
10513,10993,6535
10514,10990,6536
10515,10985,6533
10516,10988,6538
10517,10986,6541
10518,10992,6537
10519,10999,6535
10520,10997,6535
10521,11004,6532
10522,11000,6531
10523,10998,6527
10524,10995,6526
10525,10998,6530
10526,11005,6527
10527,10999,6532
10528,10994,6532
10529,11000,6529
10530,11007,6532
10531,11006,6527
10532,11012,6524
10533,11013,6526
10534,11021,6531
10535,11027,6532
10536,11027,6531
10537,11021,6536
10538,11015,6531
10539,11013,6529
10540,11020,6532
10541,11028,6527
10542,11032,6527
10543,11032,6531
10544,11033,6535
10545,11031,6534
10546,11028,6540
10547,11030,6545
10548,11025,6551
10549,11026,6555
10550,11024,6555
10551,11028,6557
10552,11024,6553
10553,11028,6551
10554,11036,6551
10555,11035,6547
10556,11043,6543
10557,11044,6547
10558,11044,6542
10559,11044,6537
10560,11039,6541
10561,11037,6546
10562,11043,6549
10563,11042,6550
10564,11045,6547
10565,11043,6549
10566,11048,6545
10567,11042,6543
10568,11041,6542
10569,11044,6545
10570,11043,6549
10571,11046,6553
10572,11041,6554
10573,11048,6553
10574,11045,6553
10575,11053,6549
10576,11058,6554
10577,11063,6557
10578,11064,6562
10579,11068,6559
10580,11068,6557
10581,11068,6561
10582,11074,6560
10583,11072,6560
10584,11069,6564
10585,11074,6568
10586,11070,6572
10587,11066,6573
10588,11063,6570
10589,11065,6568
10590,11068,6566
10591,11075,6568
10592,11077,6569
10593,11084,6567
10594,11087,6573
10595,11083,6577
10596,11085,6582
10597,11092,6578
10598,11088,6574
10599,11093,6576
10600,11088,6576
10601,11092,6574
10602,11093,6580
10603,11100,6585
10604,11108,6587
10605,11108,6582
10606,11105,6584
10607,11108,6579
10608,11105,6574
10609,11099,6579
10610,11095,6583
10611,11095,6583
10612,11101,6587
10613,11107,6591
10614,11115,6586
10615,11120,6583
10616,11124,6584
10617,11125,6585
10618,11122,6590
10619,11127,6593
10620,11133,6589
10621,11137,6587
10622,11137,6582
10623,11139,6586
10624,11140,6585
10625,11146,6588
10626,11150,6583
10627,11157,6582
10628,11163,6584
10629,11164,6583
10630,11171,6578
10631,11171,6584
10632,11175,6588
10633,11183,6583
10634,11185,6588
10635,11186,6592
10636,11188,6597
10637,11193,6597
10638,11196,6598
10639,11191,6595
10640,11197,6599
10641,11205,6594
10642,11208,6598
10643,11209,6601
10644,11203,6604
10645,11202,6599
10646,11210,6604
10647,11214,6606
10648,11210,6610
10649,11216,6613
10650,11220,6612
10651,11227,6617
10652,11235,6617
10653,11242,6618
10654,11249,6622
10655,11245,6621
10656,11249,6620
10657,11253,6624
10658,11251,6626
10659,11255,6631
10660,11249,6635
10661,11244,6636
10662,11239,6631
10663,11241,6631
10664,11246,6629
10665,11252,6635
10666,11249,6632
10667,11250,6627
10668,11248,6628
10669,11248,6634
10670,11246,6629
10671,11243,6627
10672,11248,6626
10673,11246,6629
10674,11242,6634
10675,11240,6631
10676,11238,6628
10677,11243,6627
10678,11238,6625
10679,11240,6620
10680,11248,6622
10681,11250,6622
10682,11250,6626
10683,11254,6629
10684,11256,6627
10685,11254,6629
10686,11259,6635
10687,11264,6641
10688,11267,6640
10689,11262,6636
10690,11265,6637
10691,11263,6643
10692,11269,6648
10693,11276,6654
10694,11271,6656
10695,11265,6659
10696,11268,6665
10697,11273,6668
10698,11273,6670
10699,11281,6671
10700,11286,6669
10701,11293,6674
10702,11297,6677
10703,11292,6683
10704,11295,6684
10705,11303,6683
10706,11310,6688
10707,11312,6691
10708,11311,6693
10709,11305,6696
10710,11310,6692
10711,11318,6692
10712,11319,6688
10713,11319,6693
10714,11315,6698
10715,11316,6696
10716,11310,6692
10717,11304,6693
10718,11303,6693
10719,11311,6694
10720,11319,6698
10721,11325,6698
10722,11329,6703
10723,11334,6709
10724,11334,6711
10725,11334,6714
10726,11340,6711
10727,11339,6713
10728,11334,6711
10729,11333,6712
10730,11341,6709
10731,11349,6712
10732,11352,6709
10733,11356,6712
10734,11359,6713
10735,11367,6714
10736,11365,6712
10737,11367,6716
10738,11370,6716
10739,11368,6712
10740,11375,6710
10741,11372,6716
10742,11374,6719
10743,11381,6717
10744,11378,6723
10745,11386,6719
10746,11387,6717
10747,11389,6712
10748,11396,6715
10749,11401,6716
10750,11395,6719
10751,11393,6714
10752,11398,6717
10753,11406,6720
10754,11402,6722
10755,11408,6718
10756,11410,6723
10757,11410,6728
10758,11411,6729
10759,11417,6726
10760,11423,6724
10761,11424,6720
10762,11422,6725
10763,11427,6720
10764,11422,6719
10765,11428,6717
10766,11430,6716
10767,11438,6716
10768,11444,6714
10769,11452,6720
10770,11449,6726
10771,11446,6729
10772,11447,6731
10773,11448,6731
10774,11450,6728
10775,11444,6734
10776,11442,6737
10777,11441,6737
10778,11445,6737
10779,11439,6740
10780,11447,6745
10781,11444,6750
10782,11451,6754
10783,11453,6755
10784,11451,6758
10785,11455,6755
10786,11457,6751
10787,11464,6750
10788,11467,6752
10789,11474,6748
10790,11477,6752
10791,11477,6754
10792,11480,6759
10793,11484,6764
10794,11481,6766
10795,11483,6762
10796,11481,6757
10797,11477,6754
10798,11475,6757
10799,11480,6759
10800,11480,6764
10801,11486,6763
10802,11483,6764
10803,11488,6764
10804,11483,6764
10805,11479,6769
10806,11485,6765
10807,11486,6764
10808,11488,6768
10809,11492,6767
10810,11495,6773
10811,11495,6769
10812,11503,6768
10813,11499,6771
10814,11507,6768
10815,11504,6765
10816,11501,6771
10817,11505,6768
10818,11511,6768
10819,11518,6763
10820,11519,6764
10821,11521,6770
10822,11515,6776
10823,11513,6774
10824,11521,6773
10825,11521,6772
10826,11524,6767
10827,11524,6762
10828,11519,6758
10829,11519,6757
10830,11520,6759
10831,11522,6765
10832,11521,6762
10833,11527,6762
10834,11531,6763
10835,11536,6767
10836,11533,6763
10837,11536,6759
10838,11541,6757
10839,11543,6759
10840,11540,6765
10841,11544,6767
10842,11548,6767
10843,11550,6769
10844,11552,6775
10845,11546,6772
10846,11541,6774
10847,11538,6772
10848,11542,6769
10849,11543,6766
10850,11540,6763
10851,11544,6768
10852,11552,6770
10853,11559,6774
10854,11562,6778
10855,11564,6778
10856,11565,6773
10857,11570,6769
10858,11570,6765
10859,11571,6761
10860,11565,6763
10861,11567,6761
10862,11561,6763
10863,11569,6764
10864,11566,6767
10865,11562,6771
10866,11568,6771
10867,11572,6772
10868,11578,6769
10869,11576,6764
10870,11578,6763
10871,11580,6764
10872,11588,6765
10873,11587,6767
10874,11586,6762
10875,11592,6766
10876,11591,6762
10877,11593,6757
10878,11599,6754
10879,11593,6757
10880,11589,6762
10881,11593,6764
10882,11587,6759
10883,11593,6755
10884,11594,6750
10885,11594,6753
10886,11597,6755
10887,11591,6756
10888,11594,6761
10889,11598,6765
10890,11606,6760
10891,11602,6765
10892,11599,6766
10893,11599,6769
10894,11596,6769
10895,11593,6775
10896,11595,6778
10897,11600,6781
10898,11602,6786
10899,11602,6782
10900,11608,6783
10901,11613,6787
10902,11613,6783
10903,11615,6789
10904,11612,6793
10905,11615,6791
10906,11609,6792
10907,11615,6795
10908,11621,6796
10909,11625,6797
10910,11620,6793
10911,11620,6798
10912,11622,6797
10913,11620,6793
10914,11620,6795
10915,11625,6798
10916,11632,6793
10917,11630,6791
10918,11627,6789
10919,11634,6785
10920,11636,6789
10921,11634,6795
10922,11630,6791
10923,11627,6789
10924,11627,6794
10925,11624,6793
10926,11626,6797
10927,11620,6794
10928,11624,6797
10929,11631,6798
10930,11631,6803
10931,11631,6804
10932,11634,6807
10933,11640,6802
10934,11643,6805
10935,11645,6801
10936,11646,6807
10937,11648,6807
10938,11643,6810
10939,11650,6806
10940,11649,6808
10941,11650,6803
10942,11655,6805
10943,11649,6806
10944,11647,6808
10945,11654,6813
10946,11659,6817
10947,11658,6818
10948,11662,6814
10949,11663,6815
10950,11664,6821
10951,11668,6821
10952,11675,6823
10953,11672,6825
10954,11669,6827
10955,11674,6830
10956,11678,6826
10957,11677,6827
10958,11680,6822
10959,11679,6823
10960,11686,6828
10961,11690,6824
10962,11690,6822
10963,11698,6823
10964,11700,6822
10965,11695,6821
10966,11692,6816
10967,11689,6811
10968,11687,6817
10969,11684,6821
10970,11687,6822
10971,11688,6823
10972,11691,6822
10973,11691,6820
10974,11688,6815
10975,11685,6818
10976,11687,6818
10977,11685,6822
10978,11690,6827
10979,11687,6824
10980,11683,6825
10981,11679,6824
10982,11684,6830
10983,11685,6827
10984,11682,6832
10985,11689,6831
10986,11693,6836
10987,11690,6840
10988,11688,6844
10989,11683,6845
10990,11678,6851
10991,11679,6849
10992,11677,6855
10993,11679,6850
10994,11687,6853
10995,11690,6857
10996,11685,6859
10997,11689,6864
10998,11695,6870
10999,11691,6876
11000,11692,6877
11001,11686,6883
11002,11680,6880
11003,11674,6886
11004,11681,6881
11005,11689,6880
11006,11697,6886
11007,11704,6884
11008,11700,6888
11009,11698,6890
11010,11694,6890
11011,11701,6890
11012,11707,6886
11013,11704,6884
11014,11712,6882
11015,11718,6879
11016,11716,6874
11017,11724,6878
11018,11731,6878
11019,11730,6876
11020,11730,6875
11021,11724,6870
11022,11730,6875
11023,11736,6874
11024,11733,6869
11025,11732,6865
11026,11728,6870
11027,11727,6868
11028,11732,6874
11029,11731,6876
11030,11732,6879
11031,11735,6885
11032,11741,6884
11033,11749,6885
11034,11748,6891
11035,11749,6892
11036,11753,6888
11037,11758,6893
11038,11754,6894
11039,11754,6899
11040,11754,6903
11041,11757,6903
11042,11758,6906
11043,11757,6906
11044,11762,6905
11045,11768,6904
11046,11775,6905
11047,11770,6909
11048,11777,6906
11049,11775,6905
11050,11779,6911
11051,11780,6916
11052,11785,6913
11053,11782,6917
11054,11783,6922
11055,11784,6926
11056,11780,6926
11057,11782,6923
11058,11789,6918
11059,11792,6918
11060,11792,6924
11061,11795,6925
11062,11800,6927
11063,11798,6926
11064,11802,6923
11065,11799,6918
11066,11806,6913
11067,11814,6914
11068,11818,6917
11069,11823,6912
11070,11818,6912
11071,11819,6916
11072,11827,6918
11073,11824,6923
11074,11820,6924
11075,11816,6923
11076,11821,6929
11077,11827,6930
11078,11833,6929
11079,11841,6926
11080,11839,6924
11081,11841,6924
11082,11848,6922
11083,11850,6920
11084,11848,6921
11085,11850,6926
11086,11853,6929
11087,11852,6934
11088,11855,6935
11089,11855,6930
11090,11853,6931
11091,11855,6928
11092,11858,6931
11093,11863,6931
11094,11869,6933
11095,11868,6929
11096,11864,6934
11097,11862,6933
11098,11866,6938
11099,11863,6939
11100,11871,6934
11101,11878,6930
11102,11884,6928
11103,11879,6924
11104,11879,6920
11105,11887,6925
11106,11881,6925
11107,11885,6923
11108,11890,6923
11109,11893,6923
11110,11888,6922
11111,11888,6918
11112,11896,6919
11113,11901,6924
11114,11897,6924
11115,11905,6925
11116,11909,6925
11117,11912,6931
11118,11920,6932
11119,11914,6937
11120,11916,6942
11121,11919,6944
11122,11927,6946
11123,11928,6945
11124,11934,6942
11125,11940,6948
11126,11940,6948
11127,11938,6954
11128,11940,6950
11129,11940,6956
11130,11936,6958
11131,11936,6963
11132,11935,6960
11133,11937,6955
11134,11938,6957
11135,11946,6956
11136,11945,6956
11137,11939,6953
11138,11944,6954
11139,11941,6960
11140,11935,6960
11141,11932,6962
11142,11931,6958
11143,11934,6963
11144,11929,6968
11145,11931,6971
11146,11933,6971
11147,11932,6966
11148,11926,6970
11149,11933,6975
11150,11936,6978
11151,11941,6974
11152,11948,6980
11153,11951,6983
11154,11959,6980
11155,11959,6983
11156,11966,6982
11157,11974,6980
11158,11972,6979
11159,11974,6976
11160,11980,6975
11161,11984,6973
11162,11985,6976
11163,11992,6978
11164,11988,6979
11165,11992,6975
11166,11994,6970
11167,11991,6968
11168,11987,6972
11169,11987,6977
11170,11993,6981
11171,11987,6982
11172,11992,6983
11173,11999,6987
11174,12003,6993
11175,12010,6990
11176,12012,6993
11177,12017,6994
11178,12014,6996
11179,12015,6996
11180,12021,7000
11181,12025,7004
11182,12021,7002
11183,12022,7007
11184,12017,7005
11185,12020,7004
11186,12015,7008
11187,12009,7013
11188,12004,7012
11189,12003,7014
11190,12007,7015
11191,12004,7013
11192,12009,7017
11193,12005,7019
11194,12005,7015
11195,12009,7011
11196,12007,7008
11197,12003,7013
11198,12005,7010
11199,12011,7005
11200,12014,7011
11201,12022,7009
11202,12017,7011
11203,12025,7010
11204,12027,7015
11205,12034,7010
11206,12038,7011
11207,12046,7006
11208,12041,7005
11209,12040,7003
11210,12046,6998
11211,12052,7004
11212,12053,7004
11213,12055,7009
11214,12062,7008
11215,12065,7014
11216,12073,7012
11217,12069,7012
11218,12067,7015
11219,12068,7015
11220,12070,7016
11221,12070,7015
11222,12072,7021
11223,12075,7023
11224,12069,7029
11225,12077,7026
11226,12081,7030
11227,12080,7025
11228,12084,7026
11229,12089,7026
11230,12095,7031
11231,12089,7037
11232,12088,7040
11233,12083,7036
11234,12081,7036
11235,12075,7036
11236,12071,7041
11237,12075,7036
11238,12070,7032
11239,12071,7033
11240,12076,7028
11241,12072,7025
11242,12075,7022
11243,12078,7024
11244,12072,7022
11245,12074,7022
11246,12072,7022
11247,12072,7017
11248,12068,7022
11249,12066,7022
11250,12067,7024
11251,12066,7026
11252,12063,7026
11253,12065,7022
11254,12064,7020
11255,12071,7023
11256,12067,7021
11257,12064,7023
11258,12066,7026
11259,12074,7030
11260,12076,7027
11261,12075,7031
11262,12081,7029
11263,12085,7031
11264,12082,7034
11265,12077,7037
11266,12071,7036
11267,12075,7031
11268,12081,7036
11269,12080,7042
11270,12081,7039
11271,12083,7044
11272,12081,7042
11273,12087,7046
11274,12089,7042
11275,12084,7048
11276,12086,7048
11277,12080,7046
11278,12075,7050
11279,12077,7049
11280,12077,7050
11281,12076,7053
11282,12081,7049
11283,12084,7055
11284,12091,7059
11285,12085,7064
11286,12085,7070
11287,12086,7068
11288,12086,7065
11289,12082,7065
11290,12086,7069
11291,12083,7075
11292,12081,7073
11293,12076,7071
11294,12078,7077
11295,12079,7080
11296,12087,7076
11297,12091,7071
11298,12093,7067
11299,12088,7071
11300,12082,7071
11301,12077,7077
11302,12084,7079
11303,12088,7079
11304,12094,7083
11305,12098,7083
11306,12095,7089
11307,12099,7088
11308,12097,7084
11309,12094,7081
11310,12099,7080
11311,12093,7076
11312,12098,7075
11313,12098,7074
11314,12102,7074
11315,12106,7073
11316,12100,7073
11317,12099,7076
11318,12093,7078
11319,12087,7076
11320,12093,7076
11321,12097,7082
11322,12103,7087
11323,12106,7091
11324,12102,7092
11325,12107,7095
11326,12113,7099
11327,12118,7095
11328,12121,7101
11329,12127,7097
11330,12128,7096
11331,12135,7097
11332,12135,7099
11333,12137,7098
11334,12136,7100
11335,12140,7099
11336,12142,7095
11337,12136,7094
11338,12144,7097
11339,12140,7094
11340,12136,7093
11341,12139,7097
11342,12145,7103
11343,12147,7098
11344,12141,7102
11345,12147,7097
11346,12141,7093
11347,12136,7098
11348,12135,7097
11349,12137,7095
11350,12143,7094
11351,12139,7093
11352,12135,7094
11353,12142,7089
11354,12147,7092
11355,12148,7098
11356,12154,7094
11357,12158,7095
11358,12156,7091
11359,12150,7089
11360,12144,7085
11361,12148,7081
11362,12142,7078
11363,12142,7077
11364,12136,7074
11365,12139,7071
11366,12145,7071
11367,12153,7075
11368,12148,7074
11369,12149,7070
11370,12144,7069
11371,12147,7071
11372,12154,7074
11373,12157,7069
11374,12158,7073
11375,12161,7074
11376,12165,7070
11377,12172,7076
11378,12167,7078
11379,12165,7074
11380,12163,7074
11381,12170,7070
11382,12172,7072
11383,12175,7072
11384,12174,7077
11385,12172,7081
11386,12168,7080
11387,12171,7084
11388,12170,7084
11389,12169,7087
11390,12172,7087
11391,12169,7087
11392,12173,7090
11393,12167,7094
11394,12169,7099
11395,12171,7094
11396,12174,7095
11397,12172,7099
11398,12176,7095
11399,12174,7101
11400,12169,7102
11401,12169,7106
11402,12173,7106
11403,12168,7106
11404,12175,7111
11405,12183,7113
11406,12179,7108
11407,12180,7104
11408,12187,7100
11409,12190,7102
11410,12192,7106
11411,12192,7109
11412,12186,7108
11413,12180,7112
11414,12182,7116
11415,12176,7117
11416,12177,7120
11417,12184,7120
11418,12192,7119
11419,12192,7116
11420,12194,7112
11421,12199,7110
11422,12197,7107
11423,12202,7107
11424,12199,7106
11425,12194,7111
11426,12201,7110
11427,12196,7106
11428,12198,7106
11429,12202,7109
11430,12199,7114
11431,12202,7118
11432,12202,7122
11433,12203,7121
11434,12208,7121
11435,12202,7124
11436,12203,7126
11437,12210,7125
11438,12212,7120
11439,12215,7117
11440,12217,7113
11441,12224,7108
11442,12226,7107
11443,12224,7104
11444,12231,7104
11445,12236,7109
11446,12238,7112
11447,12243,7116
11448,12246,7116
11449,12246,7115
11450,12242,7118
11451,12247,7119
11452,12247,7122
11453,12244,7119
11454,12249,7124
11455,12252,7121
11456,12259,7124
11457,12256,7119
11458,12250,7115
11459,12244,7118
11460,12241,7124
11461,12242,7130
11462,12250,7131
11463,12251,7134
11464,12258,7139
11465,12262,7140
11466,12263,7137
11467,12258,7141
11468,12254,7143
11469,12252,7140
11470,12253,7145
11471,12249,7147
11472,12250,7149
11473,12254,7150
11474,12260,7149
11475,12262,7149
11476,12265,7152
11477,12261,7151
11478,12266,7149
11479,12269,7155
11480,12273,7158
11481,12276,7161
11482,12278,7163
11483,12280,7164
11484,12279,7168
11485,12287,7173
11486,12284,7168
11487,12291,7172
11488,12285,7177
11489,12283,7178
11490,12288,7177
11491,12290,7182
11492,12293,7177
11493,12296,7174
11494,12294,7178
11495,12294,7175
11496,12301,7173
11497,12300,7179
11498,12301,7183
11499,12299,7187
11500,12295,7183
11501,12291,7181
11502,12290,7183
11503,12293,7187
11504,12289,7193
11505,12284,7191
11506,12290,7196
11507,12287,7194
11508,12282,7200
11509,12278,7195
11510,12277,7191
11511,12279,7195
11512,12287,7201
11513,12287,7196
11514,12293,7202
11515,12288,7204
11516,12295,7201
11517,12296,7205
11518,12301,7200
11519,12299,7201
11520,12301,7199
11521,12306,7198
11522,12308,7198
11523,12308,7194
11524,12303,7189
11525,12310,7190
11526,12311,7195
11527,12306,7192
11528,12310,7187
11529,12318,7192
11530,12318,7196
11531,12324,7200
11532,12318,7204
11533,12323,7206
11534,12329,7210
11535,12323,7207
11536,12319,7210
11537,12322,7208
11538,12328,7205
11539,12324,7202
11540,12331,7200
11541,12328,7204
11542,12332,7209
11543,12340,7206
11544,12337,7203
11545,12334,7204
11546,12330,7203
11547,12334,7201
11548,12336,7198
11549,12336,7198
11550,12338,7194
11551,12341,7197
11552,12345,7203
11553,12343,7208
11554,12347,7207
11555,12342,7206
11556,12341,7201
11557,12347,7201
11558,12352,7207
11559,12355,7213
11560,12349,7213
11561,12343,7217
11562,12349,7212
11563,12345,7215
11564,12339,7218
11565,12337,7221
11566,12331,7225
11567,12332,7222
11568,12335,7222
11569,12329,7225
11570,12336,7228
11571,12338,7231
11572,12335,7232
11573,12332,7227
11574,12337,7226
11575,12344,7228
11576,12348,7223
11577,12354,7226
11578,12355,7229
11579,12355,7231
11580,12358,7226
11581,12366,7225
11582,12360,7230
11583,12363,7229
11584,12367,7230
11585,12370,7227
11586,12371,7227
11587,12371,7228
11588,12369,7233
11589,12364,7228
11590,12360,7234
11591,12361,7229
11592,12355,7225
11593,12352,7231
11594,12350,7229
11595,12356,7231
11596,12357,7229
11597,12360,7224
11598,12361,7230
11599,12366,7228
11600,12367,7234
11601,12368,7233
11602,12362,7232
11603,12363,7228
11604,12363,7232
11605,12360,7228
11606,12357,7225
11607,12351,7222
11608,12345,7221
11609,12340,7226
11610,12344,7224
11611,12345,7229
11612,12353,7234
11613,12354,7239
11614,12354,7243
11615,12361,7249
11616,12366,7250
11617,12368,7251
11618,12362,7252
11619,12366,7250
11620,12362,7250
11621,12356,7248
11622,12355,7243
11623,12363,7244
11624,12357,7248
11625,12365,7254
11626,12364,7257
11627,12363,7259
11628,12371,7261
11629,12369,7259
11630,12367,7262
11631,12374,7268
11632,12372,7263
11633,12367,7258
11634,12361,7260
11635,12368,7255
11636,12366,7251
11637,12370,7250
11638,12374,7245
11639,12376,7240
11640,12380,7237
11641,12374,7238
11642,12381,7243
11643,12378,7244
11644,12377,7240
11645,12371,7238
11646,12365,7243
11647,12361,7247
11648,12357,7250
11649,12362,7252
11650,12365,7251
11651,12360,7255
11652,12363,7251
11653,12367,7248
11654,12364,7243
11655,12365,7247
11656,12364,7244
11657,12364,7240
11658,12362,7243
11659,12360,7240
11660,12360,7239
11661,12366,7242
11662,12365,7242
11663,12362,7240
11664,12365,7243
11665,12365,7238
11666,12368,7233
11667,12374,7232
11668,12378,7230
11669,12373,7227
11670,12380,7231
11671,12378,7227
11672,12374,7228
11673,12371,7228
11674,12370,7233
11675,12368,7238
11676,12370,7243
11677,12374,7241
11678,12372,7245
11679,12373,7241
11680,12368,7244
11681,12372,7244
11682,12369,7240
11683,12374,7246
11684,12372,7246
11685,12370,7251
11686,12371,7246
11687,12369,7249
11688,12363,7249
11689,12363,7244
11690,12359,7245
11691,12365,7246
11692,12369,7247
11693,12367,7242
11694,12371,7246
11695,12372,7246
11696,12371,7244
11697,12372,7247
11698,12380,7248
11699,12378,7248
11700,12372,7254
11701,12366,7257
11702,12369,7258
11703,12371,7253
11704,12379,7257
11705,12384,7259
11706,12389,7257
11707,12392,7262
11708,12396,7261
11709,12391,7262
11710,12389,7266
11711,12388,7270
11712,12394,7267
11713,12399,7273
11714,12405,7268
11715,12406,7268
11716,12407,7266
11717,12402,7270
11718,12396,7276
11719,12390,7282
11720,12391,7288
11721,12396,7293
11722,12400,7290
11723,12395,7293
11724,12402,7299
11725,12401,7305
11726,12406,7304
11727,12413,7302
11728,12421,7306
11729,12420,7303
11730,12425,7298
11731,12423,7293
11732,12426,7294
11733,12427,7294
11734,12435,7296
11735,12431,7291
11736,12428,7291
11737,12428,7293
11738,12428,7295
11739,12426,7295
11740,12432,7295
11741,12435,7296
11742,12431,7291
11743,12435,7287
11744,12434,7292
11745,12436,7291
11746,12442,7289
11747,12440,7287
11748,12447,7285
11749,12444,7282
11750,12446,7284
11751,12450,7284
11752,12449,7283
11753,12453,7278
11754,12458,7281
11755,12460,7283
11756,12466,7281
11757,12470,7279
11758,12469,7282
11759,12469,7280
11760,12467,7286
11761,12462,7285
11762,12457,7288
11763,12451,7292
11764,12452,7296
11765,12457,7302
11766,12455,7298
11767,12449,7296
11768,12449,7298
11769,12450,7295
11770,12449,7300
11771,12447,7299
11772,12443,7304
11773,12437,7300
11774,12439,7301
11775,12446,7302
11776,12454,7306
11777,12457,7304
11778,12454,7301
11779,12457,7304
11780,12462,7301
11781,12459,7298
11782,12459,7304
11783,12462,7300
11784,12462,7297
11785,12457,7297
11786,12454,7298
11787,12452,7301
11788,12448,7305
11789,12453,7310
11790,12453,7313
11791,12453,7317
11792,12451,7323
11793,12459,7326
11794,12467,7323
11795,12466,7320
11796,12467,7323
11797,12466,7318
11798,12466,7319
11799,12460,7319
11800,12464,7318
11801,12471,7322
11802,12467,7321
11803,12475,7318
11804,12471,7319
11805,12466,7317
11806,12462,7319
11807,12457,7317
11808,12459,7316
11809,12467,7313
11810,12465,7310
11811,12470,7306
11812,12467,7310
11813,12475,7314
11814,12480,7319
11815,12484,7323
11816,12482,7328
11817,12487,7325
11818,12494,7324
11819,12489,7323
11820,12489,7329
11821,12483,7325
11822,12483,7325
11823,12480,7324
11824,12488,7319
11825,12490,7320
11826,12489,7319
11827,12488,7320
11828,12486,7318
11829,12483,7314
11830,12488,7319
11831,12486,7322
11832,12484,7325
11833,12479,7321
11834,12482,7323
11835,12485,7324
11836,12493,7326
11837,12498,7321
11838,12499,7327
11839,12493,7332
11840,12493,7338
11841,12491,7333
11842,12489,7336
11843,12491,7336
11844,12490,7336
11845,12495,7333
11846,12496,7337
11847,12495,7340
11848,12502,7346
11849,12497,7351
11850,12492,7347
11851,12497,7344
11852,12505,7341
11853,12500,7339
11854,12500,7345
11855,12507,7345
11856,12503,7351
11857,12510,7350
11858,12509,7353
11859,12515,7356
11860,12521,7353
11861,12521,7350
11862,12517,7346
11863,12523,7349
11864,12518,7353
11865,12513,7353
11866,12510,7349
11867,12504,7345
11868,12510,7341
11869,12507,7344
11870,12507,7346
11871,12503,7351
11872,12500,7347
11873,12503,7344
11874,12508,7343
11875,12505,7342
11876,12513,7346
11877,12520,7344
11878,12527,7350
11879,12533,7356
11880,12528,7360
11881,12528,7360
11882,12529,7363
11883,12528,7361
11884,12524,7361
11885,12527,7363
11886,12531,7369
11887,12532,7364
11888,12539,7361
11889,12534,7367
11890,12534,7364
11891,12534,7362
11892,12542,7357
11893,12546,7356
11894,12553,7354
11895,12559,7352
11896,12559,7355
11897,12558,7361
11898,12562,7363
11899,12566,7363
11900,12565,7366
11901,12562,7365
11902,12569,7365
11903,12564,7363
11904,12559,7358
11905,12567,7360
11906,12565,7356
11907,12561,7355
11908,12568,7358
11909,12573,7363
11910,12568,7369
11911,12571,7373
11912,12576,7374
11913,12583,7376
11914,12581,7379
11915,12575,7374
11916,12569,7380
11917,12565,7385
11918,12568,7387
11919,12570,7382
11920,12568,7383
11921,12567,7383
11922,12563,7386
11923,12564,7391
11924,12567,7394
11925,12569,7391
11926,12575,7397
11927,12574,7394
11928,12580,7397
11929,12581,7394
11930,12578,7390
11931,12583,7396
11932,12587,7396
11933,12588,7397
11934,12587,7401
11935,12586,7406
11936,12594,7407
11937,12593,7403
11938,12599,7400
11939,12599,7405
11940,12606,7403
11941,12614,7400
11942,12618,7401
11943,12615,7399
11944,12616,7397
11945,12614,7400
11946,12619,7401
11947,12627,7401
11948,12629,7404
11949,12630,7402
11950,12636,7399
11951,12636,7405
11952,12641,7402
11953,12641,7400
11954,12639,7400
11955,12634,7398
11956,12641,7396
11957,12637,7401
11958,12632,7402
11959,12629,7408
11960,12628,7407
11961,12626,7412
11962,12633,7411
11963,12636,7408
11964,12630,7406
11965,12624,7402
11966,12627,7403
11967,12628,7402
11968,12623,7405
11969,12623,7411
11970,12628,7413
11971,12627,7411
11972,12629,7409
11973,12632,7409
11974,12632,7409
11975,12630,7412
11976,12636,7410
11977,12634,7411
11978,12636,7410
11979,12640,7405
11980,12636,7402
11981,12644,7399
11982,12647,7398
11983,12652,7399
11984,12650,7396
11985,12648,7402
11986,12648,7398
11987,12649,7399
11988,12656,7394
11989,12661,7395
11990,12655,7398
11991,12657,7394
11992,12661,7399
11993,12656,7400
11994,12660,7396
11995,12658,7402
11996,12663,7399
11997,12657,7395
11998,12652,7399
11999,12648,7395
12000,12648,7393
12001,12648,7391
12002,12655,7397
12003,12661,7396
12004,12658,7398
12005,12656,7396
12006,12653,7399
12007,12656,7398
12008,12663,7395
12009,12666,7394
12010,12669,7393
12011,12666,7390
12012,12673,7386
12013,12676,7382
12014,12671,7380
12015,12675,7376
12016,12671,7375
12017,12666,7375
12018,12668,7377
12019,12665,7381
12020,12665,7387
12021,12662,7391
12022,12657,7392
12023,12654,7392
12024,12655,7396
12025,12663,7392
12026,12670,7391
12027,12670,7387
12028,12672,7392
12029,12675,7388
12030,12680,7383
12031,12681,7387
12032,12675,7382
12033,12677,7380
12034,12681,7381
12035,12675,7380
12036,12677,7382
12037,12673,7385
12038,12679,7389
12039,12687,7386
12040,12685,7387
12041,12688,7393
12042,12688,7389
12043,12696,7390
12044,12694,7394
12045,12689,7396
12046,12690,7391
12047,12695,7396
12048,12690,7397
12049,12689,7402
12050,12684,7399
12051,12684,7396
12052,12683,7399
12053,12686,7400
12054,12680,7402
12055,12674,7408
12056,12679,7405
12057,12686,7405
12058,12691,7407
12059,12689,7410
12060,12690,7409
12061,12693,7412
12062,12689,7412
12063,12692,7411
12064,12697,7415
12065,12704,7417
12066,12699,7418
12067,12698,7414
12068,12699,7414
12069,12704,7413
12070,12702,7414
12071,12704,7411
12072,12704,7407
12073,12708,7409
12074,12703,7408
12075,12700,7406
12076,12700,7407
12077,12701,7403
12078,12707,7398
12079,12710,7394
12080,12706,7395
12081,12701,7401
12082,12701,7399
12083,12708,7402
12084,12704,7398
12085,12712,7393
12086,12707,7392
12087,12707,7392
12088,12713,7392
12089,12711,7393
12090,12715,7399
12091,12710,7405
12092,12707,7407
12093,12708,7407
12094,12707,7402
12095,12714,7408
12096,12718,7403
12097,12724,7399
12098,12724,7401
12099,12732,7406
12100,12737,7402
12101,12733,7403
12102,12732,7409
12103,12739,7411
12104,12734,7414
12105,12736,7411
12106,12733,7414
12107,12727,7412
12108,12733,7412
12109,12739,7410
12110,12733,7411
12111,12738,7406
12112,12739,7402
12113,12739,7399
12114,12744,7395
12115,12745,7399
12116,12745,7394
12117,12749,7397
12118,12747,7403
12119,12742,7398
12120,12746,7399
12121,12746,7404
12122,12747,7407
12123,12753,7406
12124,12759,7403
12125,12766,7406
12126,12774,7405
12127,12772,7411
12128,12771,7416
12129,12776,7412
12130,12774,7413
12131,12777,7408
12132,12774,7403
12133,12782,7409
12134,12789,7415
12135,12791,7417
12136,12794,7414
12137,12799,7415
12138,12802,7419
12139,12801,7423
12140,12800,7419
12141,12801,7418
12142,12798,7415
12143,12794,7411
12144,12794,7407
12145,12796,7408
12146,12791,7405
12147,12794,7406
12148,12796,7408
12149,12791,7406
12150,12799,7402
12151,12799,7405
12152,12803,7403
12153,12802,7407
12154,12799,7411
12155,12807,7416
12156,12812,7412
12157,12819,7417
12158,12824,7419
12159,12824,7422
12160,12828,7426
12161,12823,7426
12162,12822,7421
12163,12826,7417
12164,12834,7421
12165,12835,7421
12166,12830,7416
12167,12825,7418
12168,12821,7423
12169,12816,7429
12170,12816,7432
12171,12812,7432
12172,12811,7427
12173,12813,7427
12174,12814,7428
12175,12813,7425
12176,12809,7430
12177,12814,7426
12178,12809,7430
12179,12809,7426
12180,12811,7426
12181,12815,7425
12182,12817,7421
12183,12814,7424
12184,12811,7419
12185,12818,7416
12186,12819,7419
12187,12817,7423
12188,12814,7418
12189,12810,7415
12190,12811,7412
12191,12816,7414
12192,12823,7414
12193,12829,7419
12194,12827,7414
12195,12828,7416
12196,12825,7420
12197,12822,7416
12198,12827,7419
12199,12826,7421
12200,12823,7416
12201,12822,7414
12202,12826,7416
12203,12830,7416
12204,12832,7420
12205,12838,7423
12206,12834,7428
12207,12841,7424
12208,12843,7428
12209,12841,7429
12210,12842,7434
12211,12847,7440
12212,12854,7438
12213,12859,7433
12214,12861,7439
12215,12861,7439
12216,12869,7438
12217,12875,7433
12218,12871,7439
12219,12878,7435
12220,12878,7431
12221,12879,7430
12222,12882,7429
12223,12882,7435
12224,12883,7434
12225,12878,7429
12226,12875,7429
12227,12878,7429
12228,12875,7430
12229,12880,7436
12230,12875,7439
12231,12873,7434
12232,12870,7434
12233,12865,7433
12234,12867,7428
12235,12872,7428
12236,12880,7430
12237,12883,7428
12238,12888,7425
12239,12889,7421
12240,12894,7417
12241,12895,7419
12242,12901,7414
12243,12908,7419
12244,12906,7416
12245,12908,7411
12246,12903,7414
12247,12905,7419
12248,12910,7415
12249,12912,7417
12250,12910,7423
12251,12914,7421
12252,12915,7424
12253,12920,7422
12254,12916,7419
12255,12910,7423
12256,12904,7420
12257,12898,7419
12258,12902,7421
12259,12907,7426
12260,12913,7422
12261,12912,7420
12262,12908,7419
12263,12902,7419
12264,12909,7415
12265,12909,7414
12266,12914,7413
12267,12909,7413
12268,12905,7413
12269,12908,7418
12270,12907,7418
12271,12910,7423
12272,12906,7429
12273,12909,7429
12274,12909,7432
12275,12907,7437
12276,12905,7435
12277,12911,7432
12278,12914,7427
12279,12910,7429
12280,12916,7424
12281,12917,7420
12282,12925,7422
12283,12925,7419
12284,12932,7418
12285,12930,7419
12286,12930,7419
12287,12925,7418
12288,12926,7423
12289,12922,7419
12290,12922,7425
12291,12919,7421
12292,12926,7420
12293,12925,7417
12294,12922,7420
12295,12919,7421
12296,12919,7423
12297,12921,7420
12298,12920,7416
12299,12914,7414
12300,12920,7409
12301,12915,7413
12302,12921,7412
12303,12921,7413
12304,12925,7409
12305,12923,7405
12306,12931,7402
12307,12933,7405
12308,12937,7400
12309,12933,7403
12310,12928,7406
12311,12931,7406
12312,12934,7404
12313,12940,7406
12314,12939,7401
12315,12938,7397
12316,12939,7402
12317,12934,7403
12318,12934,7404
12319,12938,7409
12320,12942,7409
12321,12945,7411
12322,12950,7407
12323,12946,7410
12324,12953,7407
12325,12955,7411
12326,12962,7414
12327,12963,7413
12328,12960,7414
12329,12968,7412
12330,12974,7417
12331,12980,7414
12332,12985,7415
12333,12993,7418
12334,12995,7419
12335,12997,7418
12336,13001,7417
12337,13005,7413
12338,13010,7415
12339,13016,7413
12340,13021,7414
12341,13029,7418
12342,13030,7417
12343,13031,7412
12344,13031,7409
12345,13038,7405
12346,13046,7405
12347,13053,7410
12348,13052,7407
12349,13052,7413
12350,13054,7415
12351,13059,7410
12352,13053,7407
12353,13059,7406
12354,13066,7405
12355,13065,7401
12356,13061,7399
12357,13069,7400
12358,13075,7405
12359,13071,7402
12360,13067,7405
12361,13071,7405
12362,13077,7410
12363,13080,7408
12364,13085,7403
12365,13083,7401
12366,13083,7399
12367,13082,7402
12368,13086,7405
12369,13090,7410
12370,13093,7408
12371,13089,7407
12372,13083,7412
12373,13081,7416
12374,13079,7419
12375,13078,7414
12376,13084,7415
12377,13088,7413
12378,13096,7419
12379,13093,7422
12380,13100,7418
12381,13094,7423
12382,13089,7426
12383,13097,7423
12384,13102,7419
12385,13097,7417
12386,13097,7416
12387,13104,7415
12388,13107,7417
12389,13114,7420
12390,13116,7419
12391,13116,7419
12392,13112,7418
12393,13107,7415
12394,13108,7417
12395,13111,7417
12396,13105,7419
12397,13101,7417
12398,13102,7422
12399,13096,7417
12400,13100,7420
12401,13104,7415
12402,13106,7415
12403,13101,7419
12404,13109,7415
12405,13115,7413
12406,13118,7415
12407,13123,7419
12408,13126,7415
12409,13125,7417
12410,13128,7415
12411,13133,7418
12412,13133,7417
12413,13127,7419
12414,13135,7423
12415,13130,7425
12416,13128,7428
12417,13125,7425
12418,13121,7424
12419,13121,7421
12420,13116,7419
12421,13110,7422
12422,13107,7418
12423,13111,7417
12424,13107,7421
12425,13112,7422
12426,13108,7427
12427,13112,7427
12428,13116,7428
12429,13121,7433
12430,13124,7434
12431,13123,7436
12432,13126,7440
12433,13134,7446
12434,13135,7452
12435,13140,7452
12436,13143,7455
12437,13143,7457
12438,13149,7461
12439,13153,7457
12440,13151,7456
12441,13158,7454
12442,13152,7451
12443,13157,7451
12444,13165,7447
12445,13168,7446
12446,13175,7449
12447,13172,7445
12448,13171,7445
12449,13175,7450
12450,13174,7449
12451,13178,7455
12452,13179,7461
12453,13181,7463
12454,13175,7463
12455,13175,7461
12456,13175,7463
12457,13169,7468
12458,13165,7466
12459,13164,7472
12460,13168,7471
12461,13169,7472
12462,13169,7468
12463,13166,7464
12464,13166,7461
12465,13160,7461
12466,13166,7461
12467,13160,7467
12468,13166,7473
12469,13166,7470
12470,13173,7467
12471,13181,7470
12472,13184,7466
12473,13187,7464
12474,13188,7462
12475,13190,7461
12476,13189,7458
12477,13193,7459
12478,13190,7465
12479,13191,7461
12480,13197,7466
12481,13193,7462
12482,13201,7463
12483,13200,7465
12484,13194,7471
12485,13193,7470
12486,13197,7474
12487,13198,7474
12488,13200,7470
12489,13206,7474
12490,13211,7480
12491,13217,7486
12492,13211,7491
12493,13212,7491
12494,13206,7492
12495,13207,7494
12496,13211,7493
12497,13215,7498
12498,13218,7504
12499,13218,7506
12500,13218,7507
12501,13216,7507
12502,13214,7508
12503,13220,7508
12504,13221,7504
12505,13220,7504
12506,13227,7510
12507,13233,7507
12508,13236,7505
12509,13232,7503
12510,13227,7502
12511,13234,7502
12512,13242,7498
12513,13236,7498
12514,13235,7493
12515,13238,7498
12516,13246,7504
12517,13246,7504
12518,13251,7509
12519,13245,7513
12520,13252,7518
12521,13260,7517
12522,13256,7521
12523,13260,7518
12524,13255,7520
12525,13254,7519
12526,13257,7518
12527,13251,7521
12528,13245,7519
12529,13243,7523
12530,13247,7525
12531,13252,7529
12532,13256,7531
12533,13262,7529
12534,13270,7526
12535,13276,7531
12536,13273,7526
12537,13269,7523
12538,13265,7527
12539,13263,7529
12540,13261,7526
12541,13255,7525
12542,13263,7528
12543,13264,7530
12544,13272,7525
12545,13280,7531
12546,13280,7526
12547,13282,7530
12548,13285,7533
12549,13293,7538
12550,13300,7534
12551,13306,7533
12552,13305,7533
12553,13303,7532
12554,13308,7532
12555,13302,7534
12556,13301,7540
12557,13298,7543
12558,13299,7542
12559,13300,7538
12560,13306,7538
12561,13313,7542
12562,13308,7543
12563,13311,7540
12564,13309,7541
12565,13303,7539
12566,13302,7535
12567,13297,7536
12568,13293,7533
12569,13288,7537
12570,13284,7542
12571,13282,7542
12572,13286,7540
12573,13285,7543
12574,13283,7539
12575,13290,7541
12576,13293,7547
12577,13290,7543
12578,13296,7545
12579,13297,7549
12580,13296,7546
12581,13296,7547
12582,13295,7547
12583,13289,7550
12584,13297,7545
12585,13299,7545
12586,13293,7549
12587,13299,7549
12588,13297,7552
12589,13298,7549
12590,13295,7555
12591,13301,7552
12592,13300,7557
12593,13294,7557
12594,13298,7559
12595,13306,7558
12596,13307,7560
12597,13313,7559
12598,13308,7554
12599,13305,7551
12600,13306,7557
12601,13314,7559
12602,13315,7559
12603,13314,7562
12604,13319,7562
12605,13318,7557
12606,13312,7556
12607,13318,7555
12608,13318,7558
12609,13324,7559
12610,13325,7560
12611,13323,7561
12612,13325,7562
12613,13321,7559
12614,13328,7556
12615,13332,7560
12616,13338,7556
12617,13333,7554
12618,13331,7555
12619,13329,7557
12620,13333,7555
12621,13336,7555
12622,13343,7556
12623,13348,7561
12624,13353,7556
12625,13347,7553
12626,13344,7554
12627,13352,7560
12628,13356,7555
12629,13356,7551
12630,13350,7554
12631,13349,7554
12632,13344,7554
12633,13345,7553
12634,13346,7557
12635,13352,7559
12636,13350,7564
12637,13348,7564
12638,13347,7570
12639,13344,7567
12640,13343,7571
12641,13344,7575
12642,13347,7580
12643,13355,7583
12644,13362,7581
12645,13368,7582
12646,13367,7585
12647,13364,7583
12648,13368,7579
12649,13370,7577
12650,13378,7572
12651,13374,7568
12652,13378,7570
12653,13384,7576
12654,13379,7576
12655,13374,7571
12656,13381,7569
12657,13378,7575
12658,13375,7576
12659,13372,7577
12660,13373,7580
12661,13377,7581
12662,13381,7580
12663,13389,7584
12664,13387,7582
12665,13384,7582
12666,13382,7585
12667,13381,7582
12668,13380,7583
12669,13375,7583
12670,13373,7583
12671,13367,7578
12672,13372,7578
12673,13377,7581
12674,13373,7581
12675,13367,7587
12676,13371,7586
12677,13378,7586
12678,13380,7591
12679,13382,7587
12680,13377,7587
12681,13377,7590
12682,13372,7595
12683,13374,7594
12684,13375,7595
12685,13379,7591
12686,13380,7596
12687,13381,7599
12688,13375,7599
12689,13372,7596
12690,13366,7596
12691,13371,7602
12692,13375,7603
12693,13376,7609
12694,13373,7604
12695,13369,7603
12696,13364,7598
12697,13371,7599
12698,13369,7604
12699,13372,7606
12700,13366,7604
12701,13366,7602
12702,13372,7608
12703,13372,7610
12704,13366,7608
12705,13360,7605
12706,13359,7609
12707,13356,7611
12708,13359,7613
12709,13361,7616
12710,13361,7619
12711,13368,7622
12712,13362,7626
12713,13357,7623
12714,13365,7624
12715,13366,7622
12716,13370,7617
12717,13374,7617
12718,13376,7621
12719,13374,7623
12720,13373,7624
12721,13381,7626
12722,13389,7628
12723,13394,7628
12724,13392,7629
12725,13386,7625
12726,13386,7630
12727,13391,7631
12728,13396,7632
12729,13396,7628
12730,13402,7633
12731,13396,7631
12732,13394,7628
12733,13392,7625
12734,13388,7631
12735,13396,7626
12736,13397,7624
12737,13391,7629
12738,13397,7624
12739,13393,7625
12740,13399,7625
12741,13394,7627
12742,13390,7631
12743,13392,7627
12744,13399,7627
12745,13403,7622
12746,13408,7619
12747,13410,7625
12748,13418,7631
12749,13412,7628
12750,13414,7633
12751,13409,7634
12752,13406,7635
12753,13412,7635
12754,13411,7637
12755,13409,7643
12756,13413,7639
12757,13412,7637
12758,13407,7643
12759,13411,7644
12760,13406,7644
12761,13406,7645
12762,13412,7650
12763,13412,7655
12764,13420,7655
12765,13419,7659
12766,13422,7654
12767,13427,7656
12768,13425,7654
12769,13431,7649
12770,13433,7644
12771,13430,7639
12772,13434,7641
12773,13431,7636
12774,13426,7634
12775,13432,7640
12776,13440,7635
12777,13436,7637
12778,13430,7640
12779,13435,7639
12780,13440,7638
12781,13442,7642
12782,13443,7644
12783,13450,7642
12784,13445,7637
12785,13446,7640
12786,13450,7636
12787,13447,7636
12788,13455,7634
12789,13463,7631
12790,13461,7626
12791,13456,7626
12792,13458,7628
12793,13454,7632
12794,13451,7628
12795,13456,7633
12796,13457,7638
12797,13451,7640
12798,13453,7645
12799,13460,7651
12800,13459,7647
12801,13453,7650
12802,13454,7647
12803,13457,7647
12804,13451,7653
12805,13456,7656
12806,13461,7652
12807,13455,7651
12808,13463,7652
12809,13469,7650
12810,13464,7656
12811,13466,7660
12812,13472,7665
12813,13468,7662
12814,13475,7657
12815,13472,7662
12816,13467,7666
12817,13472,7665
12818,13470,7671
12819,13466,7669
12820,13467,7670
12821,13472,7668
12822,13477,7673
12823,13478,7676
12824,13479,7682
12825,13483,7684
12826,13491,7680
12827,13489,7679
12828,13487,7674
12829,13490,7670
12830,13491,7673
12831,13485,7673
12832,13479,7673
12833,13476,7678
12834,13480,7681
12835,13484,7680
12836,13478,7676
12837,13482,7680
12838,13488,7680
12839,13490,7677
12840,13494,7674
12841,13502,7673
12842,13505,7673
12843,13501,7676
12844,13499,7673
12845,13499,7671
12846,13500,7666
12847,13507,7672
12848,13515,7677
12849,13512,7680
12850,13506,7682
12851,13513,7679
12852,13518,7681
12853,13520,7681
12854,13515,7677
12855,13511,7681
12856,13519,7677
12857,13520,7673
12858,13524,7671
12859,13523,7674
12860,13520,7673
12861,13523,7679
12862,13531,7680
12863,13537,7685
12864,13533,7686
12865,13536,7684
12866,13543,7682
12867,13538,7682
12868,13533,7687
12869,13541,7683
12870,13545,7687
12871,13553,7692
12872,13554,7687
12873,13548,7692
12874,13551,7691
12875,13552,7693
12876,13549,7691
12877,13545,7687
12878,13549,7686
12879,13546,7683
12880,13551,7682
12881,13552,7683
12882,13546,7688
12883,13545,7687
12884,13540,7686
12885,13546,7688
12886,13546,7688
12887,13543,7693
12888,13551,7697
12889,13553,7697
12890,13548,7698
12891,13544,7696
12892,13549,7697
12893,13552,7701
12894,13551,7705
12895,13559,7700
12896,13567,7695
12897,13566,7694
12898,13562,7696
12899,13565,7698
12900,13569,7697
12901,13565,7700
12902,13572,7703
12903,13568,7708
12904,13572,7703
12905,13573,7704
12906,13573,7699
12907,13568,7697
12908,13563,7703
12909,13565,7708
12910,13565,7713
12911,13564,7710
12912,13563,7714
12913,13557,7712
12914,13565,7711
12915,13562,7713
12916,13561,7709
12917,13560,7705
12918,13554,7703
12919,13558,7705
12920,13555,7701
12921,13552,7699
12922,13546,7702
12923,13542,7703
12924,13544,7706
12925,13549,7706
12926,13545,7707
12927,13547,7705
12928,13546,7705
12929,13549,7707
12930,13544,7707
12931,13550,7713
12932,13551,7717
12933,13555,7720
12934,13561,7723
12935,13565,7728
12936,13561,7725
12937,13566,7724
12938,13570,7721
12939,13564,7716
12940,13565,7715
12941,13566,7714
12942,13560,7713
12943,13554,7716
12944,13560,7713
12945,13555,7713
12946,13562,7712
12947,13558,7711
12948,13558,7717
12949,13556,7719
12950,13556,7718
12951,13554,7718
12952,13556,7719
12953,13562,7716
12954,13557,7714
12955,13556,7714
12956,13551,7709
12957,13558,7705
12958,13552,7710
12959,13557,7714
12960,13554,7711
12961,13550,7712
12962,13548,7711
12963,13545,7712
12964,13544,7709
12965,13541,7714
12966,13535,7719
12967,13543,7724
12968,13543,7724
12969,13549,7723
12970,13543,7726
12971,13541,7729
12972,13540,7731
12973,13543,7732
12974,13539,7735
12975,13539,7735
12976,13536,7741
12977,13543,7743
12978,13550,7743
12979,13552,7744
12980,13549,7741
12981,13551,7747
12982,13554,7752
12983,13558,7752
12984,13556,7754
12985,13553,7756
12986,13557,7757
12987,13557,7757
12988,13563,7752
12989,13565,7757
12990,13566,7763
12991,13569,7761
12992,13573,7764
12993,13568,7764
12994,13571,7770
12995,13578,7775
12996,13581,7774
12997,13579,7774
12998,13586,7780
12999,13583,7777
13000,13582,7773
13001,13585,7773
13002,13591,7775
13003,13597,7771
13004,13600,7766
13005,13596,7765
13006,13601,7766
13007,13607,7768
13008,13605,7772
13009,13607,7774
13010,13603,7769
13011,13606,7774
13012,13608,7770
13013,13606,7774
13014,13603,7775
13015,13609,7775
13016,13611,7770
13017,13611,7775
13018,13606,7775
13019,13601,7775
13020,13604,7780
13021,13611,7780
13022,13606,7784
13023,13603,7783
13024,13609,7781
13025,13611,7780
13026,13611,7785
13027,13607,7784
13028,13602,7781
13029,13602,7787
13030,13605,7787
13031,13603,7784
13032,13607,7789
13033,13606,7791
13034,13605,7796
13035,13602,7798
13036,13596,7796
13037,13591,7794
13038,13595,7799
13039,13592,7795
13040,13588,7795
13041,13596,7800
13042,13591,7802
13043,13587,7799
13044,13591,7796
13045,13594,7801
13046,13602,7797
13047,13606,7794
13048,13611,7796
13049,13608,7791
13050,13614,7790
13051,13610,7793
13052,13612,7799
13053,13607,7803
13054,13604,7802
13055,13604,7804
13056,13603,7809
13057,13602,7807
13058,13607,7805
13059,13613,7806
13060,13610,7801
13061,13612,7801
13062,13615,7804
13063,13613,7799
13064,13610,7804
13065,13608,7810
13066,13616,7806
13067,13613,7811
13068,13615,7811
13069,13612,7816
13070,13614,7814
13071,13619,7815
13072,13616,7816
13073,13614,7822
13074,13621,7823
13075,13619,7824
13076,13613,7824
13077,13607,7824
13078,13605,7824
13079,13607,7822
13080,13614,7818
13081,13622,7816
13082,13620,7822
13083,13624,7818
13084,13623,7814
13085,13622,7819
13086,13617,7820
13087,13618,7822
13088,13625,7821
13089,13628,7818
13090,13623,7819
13091,13629,7815
13092,13637,7812
13093,13634,7818
13094,13635,7814
13095,13640,7815
13096,13646,7817
13097,13649,7813
13098,13645,7808
13099,13641,7806
13100,13649,7812
13101,13645,7817
13102,13644,7815
13103,13652,7819
13104,13655,7822
13105,13651,7822
13106,13659,7822
13107,13658,7823
13108,13665,7826
13109,13661,7827
13110,13661,7822
13111,13657,7817
13112,13657,7817
13113,13662,7823
13114,13661,7820
13115,13662,7819
13116,13666,7820
13117,13664,7822
13118,13661,7820
13119,13666,7825
13120,13663,7830
13121,13666,7833
13122,13665,7839
13123,13668,7834
13124,13664,7838
13125,13668,7840
13126,13668,7841
13127,13665,7845
13128,13666,7840
13129,13663,7839
13130,13670,7836
13131,13669,7833
13132,13674,7829
13133,13673,7829
13134,13679,7827
13135,13678,7831
13136,13681,7835
13137,13682,7839
13138,13677,7837
13139,13674,7836
13140,13679,7838
13141,13679,7838
13142,13685,7844
13143,13681,7842
13144,13675,7838
13145,13675,7844
13146,13683,7839
13147,13677,7842
13148,13676,7840
13149,13676,7845
13150,13678,7845
13151,13674,7850
13152,13670,7856
13153,13669,7852
13154,13675,7858
13155,13678,7856
13156,13679,7856
13157,13677,7860
13158,13684,7860
13159,13691,7861
13160,13688,7866
13161,13689,7866
13162,13694,7871
13163,13696,7873
13164,13702,7872
13165,13705,7877
13166,13713,7878
13167,13715,7874
13168,13709,7871
13169,13713,7869
13170,13711,7871
13171,13710,7876
13172,13706,7873
13173,13702,7872
13174,13709,7877
13175,13712,7876
13176,13707,7877
13177,13712,7883
13178,13716,7888
13179,13721,7894
13180,13729,7890
13181,13735,7892
13182,13743,7889
13183,13748,7886
13184,13742,7883
13185,13744,7887
13186,13740,7887
13187,13742,7888
13188,13738,7884
13189,13738,7883
13190,13740,7887
13191,13747,7893
13192,13741,7899
13193,13744,7900
13194,13745,7896
13195,13745,7901
13196,13751,7898
13197,13749,7903
13198,13745,7906
13199,13750,7906
13200,13747,7912
13201,13750,7909
13202,13756,7909
13203,13751,7909
13204,13758,7907
13205,13754,7908
13206,13752,7912
13207,13758,7916
13208,13764,7913
13209,13764,7911
13210,13763,7915
13211,13758,7912
13212,13762,7915
13213,13763,7918
13214,13762,7922
13215,13761,7922
13216,13766,7919
13217,13761,7916
13218,13767,7922
13219,13770,7927
13220,13774,7926
13221,13780,7932
13222,13783,7931
13223,13787,7927
13224,13791,7924
13225,13786,7921
13226,13784,7917
13227,13782,7917
13228,13782,7916
13229,13781,7914
13230,13778,7910
13231,13781,7912
13232,13785,7910
13233,13790,7914
13234,13787,7914
13235,13793,7917
13236,13793,7917
13237,13799,7917
13238,13797,7914
13239,13801,7920
13240,13797,7924
13241,13800,7930
13242,13803,7928
13243,13801,7930
13244,13808,7928
13245,13811,7933
13246,13815,7932
13247,13820,7928
13248,13817,7932
13249,13821,7937
13250,13827,7943
13251,13825,7948
13252,13825,7948
13253,13830,7946
13254,13835,7945
13255,13838,7943
13256,13834,7949
13257,13829,7952
13258,13828,7957
13259,13824,7957
13260,13822,7959
13261,13818,7954
13262,13813,7953
13263,13815,7951
13264,13810,7947
13265,13808,7942
13266,13812,7944
13267,13808,7948
13268,13802,7948
13269,13800,7951
13270,13805,7953
13271,13807,7957
13272,13805,7955
13273,13807,7959
13274,13811,7961
13275,13810,7966
13276,13813,7968
13277,13819,7969
13278,13813,7970
13279,13814,7966
13280,13816,7962
13281,13816,7958
13282,13813,7961
13283,13817,7964
13284,13822,7970
13285,13817,7972
13286,13815,7975
13287,13812,7970
13288,13813,7967
13289,13816,7970
13290,13810,7969
13291,13805,7971
13292,13811,7968
13293,13814,7967
13294,13815,7966
13295,13820,7967
13296,13819,7971
13297,13813,7975
13298,13821,7973
13299,13816,7974
13300,13816,7978
13301,13816,7979
13302,13813,7985
13303,13818,7985
13304,13821,7983
13305,13828,7982
13306,13831,7985
13307,13834,7986
13308,13829,7989
13309,13836,7995
13310,13832,7990
13311,13837,7985
13312,13833,7990
13313,13838,7991
13314,13834,7993
13315,13837,7994
13316,13833,7997
13317,13833,7992
13318,13837,7998
13319,13831,7998
13320,13828,7999
13321,13823,8004
13322,13831,8007
13323,13831,8004
13324,13830,8004
13325,13836,8002
13326,13831,8000
13327,13826,8001
13328,13833,8004
13329,13836,8001
13330,13834,8005
13331,13840,8009
13332,13845,8010
13333,13844,8014
13334,13841,8015
13335,13842,8021
13336,13844,8016
13337,13848,8012
13338,13854,8018
13339,13850,8023
13340,13855,8018
13341,13856,8014
13342,13853,8018
13343,13854,8018
13344,13854,8016
13345,13861,8022
13346,13859,8023
13347,13866,8027
13348,13860,8031
13349,13867,8035
13350,13873,8030
13351,13879,8036
13352,13876,8034
13353,13884,8036
13354,13882,8038
13355,13885,8039
13356,13887,8037
13357,13890,8042
13358,13897,8046
13359,13896,8050
13360,13898,8048
13361,13897,8049
13362,13904,8044
13363,13899,8050
13364,13905,8054
13365,13906,8056
13366,13903,8058
13367,13897,8057
13368,13891,8056
13369,13886,8055
13370,13892,8056
13371,13889,8057
13372,13883,8062
13373,13881,8062
13374,13878,8067
13375,13881,8066
13376,13889,8068
13377,13885,8067
13378,13883,8066
13379,13887,8069
13380,13890,8068
13381,13897,8068
13382,13897,8069
13383,13895,8070
13384,13897,8074
13385,13905,8070
13386,13912,8072
13387,13915,8074
13388,13916,8076
13389,13921,8074
13390,13920,8070
13391,13918,8065
13392,13920,8070
13393,13925,8075
13394,13929,8074
13395,13928,8075
13396,13922,8071
13397,13923,8073
13398,13922,8074
13399,13923,8074
13400,13922,8077
13401,13916,8078
13402,13924,8081
13403,13918,8085
13404,13914,8090
13405,13918,8096
13406,13912,8093
13407,13920,8090
13408,13914,8090
13409,13910,8090
13410,13905,8085
13411,13910,8085
13412,13910,8085
13413,13910,8083
13414,13915,8089
13415,13911,8088
13416,13914,8083
13417,13912,8078
13418,13918,8076
13419,13924,8074
13420,13926,8072
13421,13934,8068
13422,13940,8066
13423,13944,8062
13424,13949,8059
13425,13950,8058
13426,13952,8055
13427,13958,8051
13428,13964,8047
13429,13963,8053
13430,13961,8053
13431,13962,8053
13432,13961,8059
13433,13958,8063
13434,13961,8064
13435,13959,8070
13436,13966,8074
13437,13967,8079
13438,13965,8074
13439,13961,8069
13440,13965,8066
13441,13973,8069
13442,13980,8073
13443,13980,8069
13444,13985,8069
13445,13983,8066
13446,13978,8068
13447,13973,8072
13448,13968,8071
13449,13964,8073
13450,13968,8077
13451,13966,8079
13452,13963,8078
13453,13967,8083
13454,13962,8085
13455,13967,8083
13456,13970,8089
13457,13974,8095
13458,13980,8101
13459,13975,8100
13460,13979,8097
13461,13981,8103
13462,13989,8099
13463,13997,8104
13464,13992,8105
13465,13998,8107
13466,13992,8102
13467,13988,8098
13468,13996,8097
13469,13994,8097
13470,13998,8093
13471,13993,8094
13472,13992,8094
13473,13992,8091
13474,13993,8096
13475,14001,8094
13476,14007,8095
13477,14003,8096
13478,13999,8096
13479,14004,8100
13480,14012,8099
13481,14016,8105
13482,14024,8104
13483,14019,8108
13484,14021,8107
13485,14020,8107
13486,14018,8112
13487,14016,8113
13488,14017,8119
13489,14018,8114
13490,14013,8117
13491,14007,8112
13492,14006,8110
13493,14002,8113
13494,13996,8116
13495,13996,8113
13496,14004,8112
13497,14002,8111
13498,14009,8109
13499,14011,8105
13500,14019,8100
13501,14023,8097
13502,14024,8098
13503,14022,8100
13504,14022,8106
13505,14029,8104
13506,14025,8103
13507,14022,8103
13508,14023,8101
13509,14027,8104
13510,14024,8109
13511,14027,8115
13512,14028,8121
13513,14029,8120
13514,14029,8123
13515,14032,8129
13516,14039,8134
13517,14047,8137
13518,14050,8143
13519,14052,8147
13520,14053,8149
13521,14047,8145
13522,14055,8151
13523,14049,8156
13524,14050,8153
13525,14045,8157
13526,14041,8158
13527,14044,8153
13528,14044,8159
13529,14039,8160
13530,14042,8158
13531,14041,8160
13532,14045,8157
13533,14043,8160
13534,14040,8163
13535,14045,8158
13536,14041,8163
13537,14048,8162
13538,14050,8161
13539,14052,8163
13540,14057,8161
13541,14051,8160
13542,14047,8161
13543,14052,8158
13544,14049,8156
13545,14048,8155
13546,14055,8151
13547,14059,8151
13548,14061,8155
13549,14065,8161
13550,14060,8163
13551,14056,8166
13552,14055,8161
13553,14054,8161
13554,14054,8167
13555,14058,8172
13556,14064,8169
13557,14060,8174
13558,14064,8173
13559,14069,8168
13560,14065,8167
13561,14066,8164
13562,14071,8159
13563,14068,8165
13564,14064,8171
13565,14070,8168
13566,14068,8166
13567,14067,8166
13568,14069,8164
13569,14064,8168
13570,14071,8165
13571,14078,8171
13572,14080,8169
13573,14087,8167
13574,14094,8170
13575,14088,8168
13576,14089,8169
13577,14097,8173
13578,14096,8174
13579,14102,8170
13580,14108,8167
13581,14108,8162
13582,14114,8163
13583,14110,8160
13584,14108,8160
13585,14111,8158
13586,14108,8159
13587,14110,8155
13588,14116,8161
13589,14116,8163
13590,14112,8161
13591,14117,8166
13592,14123,8163
13593,14118,8158
13594,14120,8157
13595,14124,8161
13596,14131,8162
13597,14129,8163
13598,14126,8168
13599,14134,8174
13600,14136,8177
13601,14132,8178
13602,14137,8183
13603,14131,8183
13604,14125,8180
13605,14120,8179
13606,14119,8174
13607,14124,8171
13608,14123,8171
13609,14126,8166
13610,14127,8165
13611,14133,8171
13612,14134,8172
13613,14136,8173
13614,14132,8170
13615,14126,8171
13616,14128,8175
13617,14132,8178
13618,14130,8177
13619,14137,8180
13620,14137,8179
13621,14144,8174
13622,14141,8175
13623,14139,8172
13624,14140,8168
13625,14143,8166
13626,14149,8161
13627,14157,8162
13628,14159,8161
13629,14161,8162
13630,14163,8166
13631,14164,8167
13632,14166,8170
13633,14168,8176
13634,14170,8182
13635,14169,8178
13636,14170,8181
13637,14169,8182
13638,14172,8180
13639,14170,8184
13640,14170,8184
13641,14170,8184
13642,14165,8179
13643,14163,8184
13644,14157,8184
13645,14161,8184
13646,14157,8189
13647,14156,8186
13648,14152,8184
13649,14157,8185
13650,14157,8190
13651,14158,8196
13652,14153,8201
13653,14159,8198
13654,14164,8193
13655,14167,8199
13656,14170,8194
13657,14175,8194
13658,14169,8194
13659,14164,8197
13660,14164,8202
13661,14170,8206
13662,14178,8201
13663,14173,8204
13664,14178,8203
13665,14176,8202
13666,14182,8204
13667,14177,8207
13668,14180,8211
13669,14174,8208
13670,14181,8210
13671,14180,8209
13672,14187,8210
13673,14182,8211
13674,14178,8206
13675,14186,8205
13676,14180,8205
13677,14187,8207
13678,14192,8207
13679,14195,8205
13680,14203,8205
13681,14204,8208
13682,14212,8206
13683,14211,8202
13684,14214,8208
13685,14218,8214
13686,14213,8218
13687,14211,8222
13688,14215,8217
13689,14213,8219
13690,14210,8215
13691,14215,8221
13692,14219,8217
13693,14219,8222
13694,14221,8218
13695,14220,8219
13696,14214,8221
13697,14212,8217
13698,14213,8218
13699,14209,8224
13700,14210,8224
13701,14211,8227
13702,14208,8230
13703,14206,8227
13704,14205,8230
13705,14203,8233
13706,14207,8237
13707,14211,8236
13708,14210,8239
13709,14207,8238
13710,14209,8234
13711,14206,8239
13712,14201,8243
13713,14197,8238
13714,14196,8239
13715,14196,8237
13716,14193,8242
13717,14191,8237
13718,14192,8232
13719,14188,8235
13720,14190,8236
13721,14186,8232
13722,14183,8230
13723,14188,8234
13724,14196,8232
13725,14199,8227
13726,14200,8232
13727,14197,8233
13728,14192,8238
13729,14186,8242
13730,14182,8248
13731,14186,8251
13732,14181,8247
13733,14180,8251
13734,14179,8250
13735,14176,8245
13736,14181,8249
13737,14183,8251
13738,14180,8256
13739,14180,8252
13740,14186,8258
13741,14182,8261
13742,14190,8261
13743,14185,8267
13744,14185,8267
13745,14180,8271
13746,14182,8266
13747,14178,8266
13748,14176,8262
13749,14171,8266
13750,14178,8262
13751,14184,8258
13752,14183,8262
13753,14189,8267
13754,14197,8266
13755,14202,8261
13756,14205,8266
13757,14209,8265
13758,14209,8269
13759,14207,8266
13760,14206,8270
13761,14213,8272
13762,14211,8267
13763,14216,8273
13764,14223,8277
13765,14230,8280
13766,14227,8286
13767,14224,8284
13768,14230,8290
13769,14228,8290
13770,14231,8285
13771,14230,8282
13772,14233,8283
13773,14231,8285
13774,14225,8289
13775,14230,8291
13776,14236,8296
13777,14237,8297
13778,14236,8299
13779,14232,8305
13780,14229,8303
13781,14237,8304
13782,14233,8301
13783,14227,8306
13784,14230,8307
13785,14238,8308
13786,14240,8310
13787,14234,8312
13788,14229,8313
13789,14224,8312
13790,14230,8311
13791,14236,8314
13792,14239,8318
13793,14235,8315
13794,14241,8317
13795,14247,8323
13796,14244,8325
13797,14240,8330
13798,14244,8326
13799,14246,8332
13800,14240,8331
13801,14241,8336
13802,14246,8331
13803,14242,8333
13804,14236,8330
13805,14233,8332
13806,14240,8332
13807,14242,8333
13808,14242,8339
13809,14243,8339
13810,14240,8340
13811,14237,8336
13812,14238,8339
13813,14244,8336
13814,14248,8340
13815,14243,8344
13816,14239,8350
13817,14234,8352
13818,14235,8347
13819,14243,8349
13820,14249,8354
13821,14246,8357
13822,14252,8360
13823,14246,8360
13824,14254,8365
13825,14250,8365
13826,14255,8362
13827,14256,8364
13828,14253,8370
13829,14247,8375
13830,14255,8370
13831,14263,8375
